"1","D0101","�����¸�","����","����","��","gh_d8c432a3cc12","1��18��","http://mp.weixin.qq.com/s?__biz=MjM5ODE4MTUzMg==&mid=202895379&idx=1&sn=a46187dd2e3fc704b72277dbf863f356&3rd=MzA3MDU4NTYzMw==&scene=6#rd","�����ִ���������","2131","20","0%","2015-01-29 22:16:16"
"2","D0101","�����¸�","����","����","��","gh_d8c432a3cc12","1��18��","http://mp.weixin.qq.com/s?__biz=MjM5ODE4MTUzMg==&mid=202895379&idx=1&sn=a46187dd2e3fc704b72277dbf863f356&3rd=MzA3MDU4NTYzMw==&scene=6#rd","�����ִ���ͼ����","2131","20","0%","2015-01-29 22:16:17"
"3","D0101","�����¸�","����","����","��","gh_d8c432a3cc12","1��18��","http://mp.weixin.qq.com/s?__biz=MjM5ODE4MTUzMg==&mid=202895379&idx=1&sn=a46187dd2e3fc704b72277dbf863f356&3rd=MzA3MDU4NTYzMw==&scene=6#rd","�����ִ�ȫ������","2131","20","0%","2015-01-29 22:16:18"
"4","D0102","����","����","����","��","gossipmaker","1��19��","http://mp.weixin.qq.com/s?__biz=MzA4MDE4OTYxNA==&mid=260312026&idx=1&sn=2e976af69957fb7886b18c2663e90e5b&3rd=MzA3MDU4NTYzMw==&scene=6#rd","�����ִ���������","100001","13746","13%","2015-01-29 22:16:19"
"5","D0102","����","����","����","��","gossipmaker","1��19��","http://mp.weixin.qq.com/s?__biz=MzA4MDE4OTYxNA==&mid=260312026&idx=1&sn=2e976af69957fb7886b18c2663e90e5b&3rd=MzA3MDU4NTYzMw==&scene=6#rd","�����ִ�����һ�","100001","13746","13%","2015-01-29 22:16:19"
"6","D0102","����","����","����","��","gossipmaker","1��19��","http://mp.weixin.qq.com/s?__biz=MzA4MDE4OTYxNA==&mid=260312026&idx=1&sn=2e976af69957fb7886b18c2663e90e5b&3rd=MzA3MDU4NTYzMw==&scene=6#rd","�����ִ��������","100001","13746","13%","2015-01-29 22:16:19"
"7","D0102","����","����","����","��","gossipmaker","1��19��","http://mp.weixin.qq.com/s?__biz=MzA4MDE4OTYxNA==&mid=260312026&idx=1&sn=2e976af69957fb7886b18c2663e90e5b&3rd=MzA3MDU4NTYzMw==&scene=6#rd","�����ִ��������","100001","13746","13%","2015-01-29 22:16:20"
"8","D0102","����","����","����","��","gossipmaker","1��19��","http://mp.weixin.qq.com/s?__biz=MzA4MDE4OTYxNA==&mid=260312026&idx=1&sn=2e976af69957fb7886b18c2663e90e5b&3rd=MzA3MDU4NTYzMw==&scene=6#rd","�����ִ�ͻ��ذ�","100001","13746","13%","2015-01-29 22:16:20"
"1","D0101","�����¸�","����","����","��","gh_d8c432a3cc12","1��18��","http://mp.weixin.qq.com/s?__biz=MjM5ODE4MTUzMg==&mid=202895379&idx=1&sn=a46187dd2e3fc704b72277dbf863f356&3rd=MzA3MDU4NTYzMw==&scene=6#rd","�����ִ���������","2337","21","0%","2015-01-31 16:15:20"
"2","D0101","�����¸�","����","����","��","gh_d8c432a3cc12","1��18��","http://mp.weixin.qq.com/s?__biz=MjM5ODE4MTUzMg==&mid=202895379&idx=1&sn=a46187dd2e3fc704b72277dbf863f356&3rd=MzA3MDU4NTYzMw==&scene=6#rd","�����ִ���ͼ����","2337","21","0%","2015-01-31 16:15:20"
"3","D0101","�����¸�","����","����","��","gh_d8c432a3cc12","1��18��","http://mp.weixin.qq.com/s?__biz=MjM5ODE4MTUzMg==&mid=202895379&idx=1&sn=a46187dd2e3fc704b72277dbf863f356&3rd=MzA3MDU4NTYzMw==&scene=6#rd","�����ִ�ȫ������","2337","21","0%","2015-01-31 16:15:21"
"4","D0102","����","����","����","��","gossipmaker","1��19��","http://mp.weixin.qq.com/s?__biz=MzA4MDE4OTYxNA==&mid=260312026&idx=1&sn=2e976af69957fb7886b18c2663e90e5b&3rd=MzA3MDU4NTYzMw==&scene=6#rd","�����ִ���������","100001","14378","14%","2015-01-31 16:15:21"
"5","D0102","����","����","����","��","gossipmaker","1��19��","http://mp.weixin.qq.com/s?__biz=MzA4MDE4OTYxNA==&mid=260312026&idx=1&sn=2e976af69957fb7886b18c2663e90e5b&3rd=MzA3MDU4NTYzMw==&scene=6#rd","�����ִ�����һ�","100001","14378","14%","2015-01-31 16:15:21"
"6","D0102","����","����","����","��","gossipmaker","1��19��","http://mp.weixin.qq.com/s?__biz=MzA4MDE4OTYxNA==&mid=260312026&idx=1&sn=2e976af69957fb7886b18c2663e90e5b&3rd=MzA3MDU4NTYzMw==&scene=6#rd","�����ִ��������","100001","14378","14%","2015-01-31 16:15:22"
"7","D0102","����","����","����","��","gossipmaker","1��19��","http://mp.weixin.qq.com/s?__biz=MzA4MDE4OTYxNA==&mid=260312026&idx=1&sn=2e976af69957fb7886b18c2663e90e5b&3rd=MzA3MDU4NTYzMw==&scene=6#rd","�����ִ��������","100001","14378","14%","2015-01-31 16:15:22"
"8","D0102","����","����","����","��","gossipmaker","1��19��","http://mp.weixin.qq.com/s?__biz=MzA4MDE4OTYxNA==&mid=260312026&idx=1&sn=2e976af69957fb7886b18c2663e90e5b&3rd=MzA3MDU4NTYzMw==&scene=6#rd","�����ִ�ͻ��ذ�","100001","14378","14%","2015-01-31 16:15:22"
"1","D0101","�����¸�","����","����","��","gh_d8c432a3cc12","1��18��","http://mp.weixin.qq.com/s?__biz=MjM5ODE4MTUzMg==&mid=202895379&idx=1&sn=a46187dd2e3fc704b72277dbf863f356&3rd=MzA3MDU4NTYzMw==&scene=6#rd","�����ִ���������","2337","21","0%","2015-01-31 16:19:26"
"2","D0101","�����¸�","����","����","��","gh_d8c432a3cc12","1��18��","http://mp.weixin.qq.com/s?__biz=MjM5ODE4MTUzMg==&mid=202895379&idx=1&sn=a46187dd2e3fc704b72277dbf863f356&3rd=MzA3MDU4NTYzMw==&scene=6#rd","�����ִ���ͼ����","2337","21","0%","2015-01-31 16:19:26"
"3","D0101","�����¸�","����","����","��","gh_d8c432a3cc12","1��18��","http://mp.weixin.qq.com/s?__biz=MjM5ODE4MTUzMg==&mid=202895379&idx=1&sn=a46187dd2e3fc704b72277dbf863f356&3rd=MzA3MDU4NTYzMw==&scene=6#rd","�����ִ�ȫ������","2337","21","0%","2015-01-31 16:19:27"
"4","D0102","����","����","����","��","gossipmaker","1��19��","http://mp.weixin.qq.com/s?__biz=MzA4MDE4OTYxNA==&mid=260312026&idx=1&sn=2e976af69957fb7886b18c2663e90e5b&3rd=MzA3MDU4NTYzMw==&scene=6#rd","�����ִ���������","100001","14378","14%","2015-01-31 16:19:27"
"5","D0102","����","����","����","��","gossipmaker","1��19��","http://mp.weixin.qq.com/s?__biz=MzA4MDE4OTYxNA==&mid=260312026&idx=1&sn=2e976af69957fb7886b18c2663e90e5b&3rd=MzA3MDU4NTYzMw==&scene=6#rd","�����ִ�����һ�","100001","14378","14%","2015-01-31 16:19:28"
"6","D0102","����","����","����","��","gossipmaker","1��19��","http://mp.weixin.qq.com/s?__biz=MzA4MDE4OTYxNA==&mid=260312026&idx=1&sn=2e976af69957fb7886b18c2663e90e5b&3rd=MzA3MDU4NTYzMw==&scene=6#rd","�����ִ��������","100001","14378","14%","2015-01-31 16:19:28"
"7","D0102","����","����","����","��","gossipmaker","1��19��","http://mp.weixin.qq.com/s?__biz=MzA4MDE4OTYxNA==&mid=260312026&idx=1&sn=2e976af69957fb7886b18c2663e90e5b&3rd=MzA3MDU4NTYzMw==&scene=6#rd","�����ִ��������","100001","14378","14%","2015-01-31 16:19:28"
"8","D0102","����","����","����","��","gossipmaker","1��19��","http://mp.weixin.qq.com/s?__biz=MzA4MDE4OTYxNA==&mid=260312026&idx=1&sn=2e976af69957fb7886b18c2663e90e5b&3rd=MzA3MDU4NTYzMw==&scene=6#rd","�����ִ�ͻ��ذ�","100001","14378","14%","2015-01-31 16:19:29"
"1","D0101","�����¸�","����","����","��","gh_d8c432a3cc12","1��18��","http://mp.weixin.qq.com/s?__biz=MjM5ODE4MTUzMg==&mid=202895379&idx=1&sn=a46187dd2e3fc704b72277dbf863f356&3rd=MzA3MDU4NTYzMw==&scene=6#rd","�����ִ���������","2337","21","0%","2015-01-31 16:22:38"
"2","D0101","�����¸�","����","����","��","gh_d8c432a3cc12","1��18��","http://mp.weixin.qq.com/s?__biz=MjM5ODE4MTUzMg==&mid=202895379&idx=1&sn=a46187dd2e3fc704b72277dbf863f356&3rd=MzA3MDU4NTYzMw==&scene=6#rd","�����ִ���ͼ����","2337","21","0%","2015-01-31 16:22:39"
"3","D0101","�����¸�","����","����","��","gh_d8c432a3cc12","1��18��","http://mp.weixin.qq.com/s?__biz=MjM5ODE4MTUzMg==&mid=202895379&idx=1&sn=a46187dd2e3fc704b72277dbf863f356&3rd=MzA3MDU4NTYzMw==&scene=6#rd","�����ִ�ȫ������","2337","21","0%","2015-01-31 16:22:39"
"4","D0102","����","����","����","��","gossipmaker","1��19��","http://mp.weixin.qq.com/s?__biz=MzA4MDE4OTYxNA==&mid=260312026&idx=1&sn=2e976af69957fb7886b18c2663e90e5b&3rd=MzA3MDU4NTYzMw==&scene=6#rd","�����ִ���������","100001","14378","14%","2015-01-31 16:22:39"
"5","D0102","����","����","����","��","gossipmaker","1��19��","http://mp.weixin.qq.com/s?__biz=MzA4MDE4OTYxNA==&mid=260312026&idx=1&sn=2e976af69957fb7886b18c2663e90e5b&3rd=MzA3MDU4NTYzMw==&scene=6#rd","�����ִ�����һ�","100001","14378","14%","2015-01-31 16:22:40"
"6","D0102","����","����","����","��","gossipmaker","1��19��","http://mp.weixin.qq.com/s?__biz=MzA4MDE4OTYxNA==&mid=260312026&idx=1&sn=2e976af69957fb7886b18c2663e90e5b&3rd=MzA3MDU4NTYzMw==&scene=6#rd","�����ִ��������","100001","14378","14%","2015-01-31 16:22:40"
"7","D0102","����","����","����","��","gossipmaker","1��19��","http://mp.weixin.qq.com/s?__biz=MzA4MDE4OTYxNA==&mid=260312026&idx=1&sn=2e976af69957fb7886b18c2663e90e5b&3rd=MzA3MDU4NTYzMw==&scene=6#rd","�����ִ��������","100001","14378","14%","2015-01-31 16:22:40"
"8","D0102","����","����","����","��","gossipmaker","1��19��","http://mp.weixin.qq.com/s?__biz=MzA4MDE4OTYxNA==&mid=260312026&idx=1&sn=2e976af69957fb7886b18c2663e90e5b&3rd=MzA3MDU4NTYzMw==&scene=6#rd","�����ִ�ͻ��ذ�","100001","14378","14%","2015-01-31 16:22:41"
"1","D0101","�����¸�","����","����","��","gh_d8c432a3cc12","1��18��","http://mp.weixin.qq.com/s?__biz=MjM5ODE4MTUzMg==&mid=202895379&idx=1&sn=a46187dd2e3fc704b72277dbf863f356&3rd=MzA3MDU4NTYzMw==&scene=6#rd","�����ִ���������","2346","21","0%","2015-01-31 22:33:59"
"2","D0101","�����¸�","����","����","��","gh_d8c432a3cc12","1��18��","http://mp.weixin.qq.com/s?__biz=MjM5ODE4MTUzMg==&mid=202895379&idx=1&sn=a46187dd2e3fc704b72277dbf863f356&3rd=MzA3MDU4NTYzMw==&scene=6#rd","�����ִ���ͼ����","2346","21","0%","2015-01-31 22:34:00"
"3","D0101","�����¸�","����","����","��","gh_d8c432a3cc12","1��18��","http://mp.weixin.qq.com/s?__biz=MjM5ODE4MTUzMg==&mid=202895379&idx=1&sn=a46187dd2e3fc704b72277dbf863f356&3rd=MzA3MDU4NTYzMw==&scene=6#rd","�����ִ�ȫ������","2346","21","0%","2015-01-31 22:34:00"
"4","D0102","����","����","����","��","gossipmaker","1��19��","http://mp.weixin.qq.com/s?__biz=MzA4MDE4OTYxNA==&mid=260312026&idx=1&sn=2e976af69957fb7886b18c2663e90e5b&3rd=MzA3MDU4NTYzMw==&scene=6#rd","�����ִ���������","100001","14420","14%","2015-01-31 22:34:00"
"5","D0102","����","����","����","��","gossipmaker","1��19��","http://mp.weixin.qq.com/s?__biz=MzA4MDE4OTYxNA==&mid=260312026&idx=1&sn=2e976af69957fb7886b18c2663e90e5b&3rd=MzA3MDU4NTYzMw==&scene=6#rd","�����ִ�����һ�","100001","14420","14%","2015-01-31 22:34:01"
"6","D0102","����","����","����","��","gossipmaker","1��19��","http://mp.weixin.qq.com/s?__biz=MzA4MDE4OTYxNA==&mid=260312026&idx=1&sn=2e976af69957fb7886b18c2663e90e5b&3rd=MzA3MDU4NTYzMw==&scene=6#rd","�����ִ��������","100001","14420","14%","2015-01-31 22:34:01"
"7","D0102","����","����","����","��","gossipmaker","1��19��","http://mp.weixin.qq.com/s?__biz=MzA4MDE4OTYxNA==&mid=260312026&idx=1&sn=2e976af69957fb7886b18c2663e90e5b&3rd=MzA3MDU4NTYzMw==&scene=6#rd","�����ִ��������","100001","14420","14%","2015-01-31 22:34:02"
"8","D0102","����","����","����","��","gossipmaker","1��19��","http://mp.weixin.qq.com/s?__biz=MzA4MDE4OTYxNA==&mid=260312026&idx=1&sn=2e976af69957fb7886b18c2663e90e5b&3rd=MzA3MDU4NTYzMw==&scene=6#rd","�����ִ�ͻ��ذ�","100001","14420","14%","2015-01-31 22:34:02"
"1","D0101","�����¸�","����","����","��","gh_d8c432a3cc12","1��18��","http://mp.weixin.qq.com/s?__biz=MjM5ODE4MTUzMg==&mid=202895379&idx=1&sn=a46187dd2e3fc704b72277dbf863f356&3rd=MzA3MDU4NTYzMw==&scene=6#rd","�����ִ���������","2371","22","0%","2015-02-01 09:49:28"
"2","D0101","�����¸�","����","����","��","gh_d8c432a3cc12","1��18��","http://mp.weixin.qq.com/s?__biz=MjM5ODE4MTUzMg==&mid=202895379&idx=1&sn=a46187dd2e3fc704b72277dbf863f356&3rd=MzA3MDU4NTYzMw==&scene=6#rd","�����ִ���ͼ����","2371","22","0%","2015-02-01 09:49:30"
"3","D0101","�����¸�","����","����","��","gh_d8c432a3cc12","1��18��","http://mp.weixin.qq.com/s?__biz=MjM5ODE4MTUzMg==&mid=202895379&idx=1&sn=a46187dd2e3fc704b72277dbf863f356&3rd=MzA3MDU4NTYzMw==&scene=6#rd","�����ִ�ȫ������","2371","22","0%","2015-02-01 09:49:32"
"4","D0102","����","����","����","��","gossipmaker","1��19��","http://mp.weixin.qq.com/s?__biz=MzA4MDE4OTYxNA==&mid=260312026&idx=1&sn=2e976af69957fb7886b18c2663e90e5b&3rd=MzA3MDU4NTYzMw==&scene=6#rd","�����ִ���������","100001","14456","14%","2015-02-01 09:49:34"
"5","D0102","����","����","����","��","gossipmaker","1��19��","http://mp.weixin.qq.com/s?__biz=MzA4MDE4OTYxNA==&mid=260312026&idx=1&sn=2e976af69957fb7886b18c2663e90e5b&3rd=MzA3MDU4NTYzMw==&scene=6#rd","�����ִ�����һ�","100001","14456","14%","2015-02-01 09:49:35"
"6","D0102","����","����","����","��","gossipmaker","1��19��","http://mp.weixin.qq.com/s?__biz=MzA4MDE4OTYxNA==&mid=260312026&idx=1&sn=2e976af69957fb7886b18c2663e90e5b&3rd=MzA3MDU4NTYzMw==&scene=6#rd","�����ִ��������","100001","14456","14%","2015-02-01 09:49:36"
"7","D0102","����","����","����","��","gossipmaker","1��19��","http://mp.weixin.qq.com/s?__biz=MzA4MDE4OTYxNA==&mid=260312026&idx=1&sn=2e976af69957fb7886b18c2663e90e5b&3rd=MzA3MDU4NTYzMw==&scene=6#rd","�����ִ��������","100001","14456","14%","2015-02-01 09:49:37"
"8","D0102","����","����","����","��","gossipmaker","1��19��","http://mp.weixin.qq.com/s?__biz=MzA4MDE4OTYxNA==&mid=260312026&idx=1&sn=2e976af69957fb7886b18c2663e90e5b&3rd=MzA3MDU4NTYzMw==&scene=6#rd","�����ִ�ͻ��ذ�","100001","14456","14%","2015-02-01 09:49:38"
"1","D0101","�����¸�","����","����","��","gh_d8c432a3cc12","1��18��","http://mp.weixin.qq.com/s?__biz=MjM5ODE4MTUzMg==&mid=202895379&idx=1&sn=a46187dd2e3fc704b72277dbf863f356&3rd=MzA3MDU4NTYzMw==&scene=6#rd","�����ִ���������","2386","22","0%","2015-02-01 11:53:53"
"2","D0101","�����¸�","����","����","��","gh_d8c432a3cc12","1��18��","http://mp.weixin.qq.com/s?__biz=MjM5ODE4MTUzMg==&mid=202895379&idx=1&sn=a46187dd2e3fc704b72277dbf863f356&3rd=MzA3MDU4NTYzMw==&scene=6#rd","�����ִ���ͼ����","2386","22","0%","2015-02-01 11:53:56"
"3","D0101","�����¸�","����","����","��","gh_d8c432a3cc12","1��18��","http://mp.weixin.qq.com/s?__biz=MjM5ODE4MTUzMg==&mid=202895379&idx=1&sn=a46187dd2e3fc704b72277dbf863f356&3rd=MzA3MDU4NTYzMw==&scene=6#rd","�����ִ�ȫ������","2386","22","0%","2015-02-01 11:54:01"
"4","D0102","����","����","����","��","gossipmaker","1��19��","http://mp.weixin.qq.com/s?__biz=MzA4MDE4OTYxNA==&mid=260312026&idx=1&sn=2e976af69957fb7886b18c2663e90e5b&3rd=MzA3MDU4NTYzMw==&scene=6#rd","�����ִ���������","100001","14488","14%","2015-02-01 11:54:04"
"5","D0102","����","����","����","��","gossipmaker","1��19��","http://mp.weixin.qq.com/s?__biz=MzA4MDE4OTYxNA==&mid=260312026&idx=1&sn=2e976af69957fb7886b18c2663e90e5b&3rd=MzA3MDU4NTYzMw==&scene=6#rd","�����ִ�����һ�","100001","14488","14%","2015-02-01 11:54:05"
"6","D0102","����","����","����","��","gossipmaker","1��19��","http://mp.weixin.qq.com/s?__biz=MzA4MDE4OTYxNA==&mid=260312026&idx=1&sn=2e976af69957fb7886b18c2663e90e5b&3rd=MzA3MDU4NTYzMw==&scene=6#rd","�����ִ��������","100001","14488","14%","2015-02-01 11:54:07"
"7","D0102","����","����","����","��","gossipmaker","1��19��","http://mp.weixin.qq.com/s?__biz=MzA4MDE4OTYxNA==&mid=260312026&idx=1&sn=2e976af69957fb7886b18c2663e90e5b&3rd=MzA3MDU4NTYzMw==&scene=6#rd","�����ִ��������","100001","14488","14%","2015-02-01 11:54:10"
"8","D0102","����","����","����","��","gossipmaker","1��19��","http://mp.weixin.qq.com/s?__biz=MzA4MDE4OTYxNA==&mid=260312026&idx=1&sn=2e976af69957fb7886b18c2663e90e5b&3rd=MzA3MDU4NTYzMw==&scene=6#rd","�����ִ�ͻ��ذ�","100001","14488","14%","2015-02-01 11:54:12"
"1","D0101","�����¸�","����","����","��","gh_d8c432a3cc12","1��18��","http://mp.weixin.qq.com/s?__biz=MjM5ODE4MTUzMg==&mid=202895379&idx=1&sn=a46187dd2e3fc704b72277dbf863f356&3rd=MzA3MDU4NTYzMw==&scene=6#rd","�����ִ���������","2386","22","0%","2015-02-01 11:56:09"
"2","D0101","�����¸�","����","����","��","gh_d8c432a3cc12","1��18��","http://mp.weixin.qq.com/s?__biz=MjM5ODE4MTUzMg==&mid=202895379&idx=1&sn=a46187dd2e3fc704b72277dbf863f356&3rd=MzA3MDU4NTYzMw==&scene=6#rd","�����ִ���ͼ����","2386","22","0%","2015-02-01 11:56:09"
"3","D0101","�����¸�","����","����","��","gh_d8c432a3cc12","1��18��","http://mp.weixin.qq.com/s?__biz=MjM5ODE4MTUzMg==&mid=202895379&idx=1&sn=a46187dd2e3fc704b72277dbf863f356&3rd=MzA3MDU4NTYzMw==&scene=6#rd","�����ִ�ȫ������","2386","22","0%","2015-02-01 11:56:10"
"4","D0102","����","����","����","��","gossipmaker","1��19��","http://mp.weixin.qq.com/s?__biz=MzA4MDE4OTYxNA==&mid=260312026&idx=1&sn=2e976af69957fb7886b18c2663e90e5b&3rd=MzA3MDU4NTYzMw==&scene=6#rd","�����ִ���������","100001","14488","14%","2015-02-01 11:56:10"
"5","D0102","����","����","����","��","gossipmaker","1��19��","http://mp.weixin.qq.com/s?__biz=MzA4MDE4OTYxNA==&mid=260312026&idx=1&sn=2e976af69957fb7886b18c2663e90e5b&3rd=MzA3MDU4NTYzMw==&scene=6#rd","�����ִ�����һ�","100001","14488","14%","2015-02-01 11:56:10"
"6","D0102","����","����","����","��","gossipmaker","1��19��","http://mp.weixin.qq.com/s?__biz=MzA4MDE4OTYxNA==&mid=260312026&idx=1&sn=2e976af69957fb7886b18c2663e90e5b&3rd=MzA3MDU4NTYzMw==&scene=6#rd","�����ִ��������","100001","14488","14%","2015-02-01 11:56:12"
"7","D0102","����","����","����","��","gossipmaker","1��19��","http://mp.weixin.qq.com/s?__biz=MzA4MDE4OTYxNA==&mid=260312026&idx=1&sn=2e976af69957fb7886b18c2663e90e5b&3rd=MzA3MDU4NTYzMw==&scene=6#rd","�����ִ��������","100001","14488","14%","2015-02-01 11:56:12"
"8","D0102","����","����","����","��","gossipmaker","1��19��","http://mp.weixin.qq.com/s?__biz=MzA4MDE4OTYxNA==&mid=260312026&idx=1&sn=2e976af69957fb7886b18c2663e90e5b&3rd=MzA3MDU4NTYzMw==&scene=6#rd","�����ִ�ͻ��ذ�","100001","14488","14%","2015-02-01 11:56:12"
"1","D0101","�����¸�","����","����","��","gh_d8c432a3cc12","1��18��","http://mp.weixin.qq.com/s?__biz=MjM5ODE4MTUzMg==&mid=202895379&idx=1&sn=a46187dd2e3fc704b72277dbf863f356&3rd=MzA3MDU4NTYzMw==&scene=6#rd","�����ִ���������","2386","22","0%","2015-02-01 12:14:44"
"2","D0101","�����¸�","����","����","��","gh_d8c432a3cc12","1��18��","http://mp.weixin.qq.com/s?__biz=MjM5ODE4MTUzMg==&mid=202895379&idx=1&sn=a46187dd2e3fc704b72277dbf863f356&3rd=MzA3MDU4NTYzMw==&scene=6#rd","�����ִ���ͼ����","2386","22","0%","2015-02-01 12:14:45"
"3","D0101","�����¸�","����","����","��","gh_d8c432a3cc12","1��18��","http://mp.weixin.qq.com/s?__biz=MjM5ODE4MTUzMg==&mid=202895379&idx=1&sn=a46187dd2e3fc704b72277dbf863f356&3rd=MzA3MDU4NTYzMw==&scene=6#rd","�����ִ�ȫ������","2386","22","0%","2015-02-01 12:14:46"
"4","D0102","����","����","����","��","gossipmaker","1��19��","http://mp.weixin.qq.com/s?__biz=MzA4MDE4OTYxNA==&mid=260312026&idx=1&sn=2e976af69957fb7886b18c2663e90e5b&3rd=MzA3MDU4NTYzMw==&scene=6#rd","�����ִ���������","100001","14491","14%","2015-02-01 12:14:46"
"5","D0102","����","����","����","��","gossipmaker","1��19��","http://mp.weixin.qq.com/s?__biz=MzA4MDE4OTYxNA==&mid=260312026&idx=1&sn=2e976af69957fb7886b18c2663e90e5b&3rd=MzA3MDU4NTYzMw==&scene=6#rd","�����ִ������һ�","100001","14491","14%","2015-02-01 12:14:47"
"6","D0102","����","����","����","��","gossipmaker","1��19��","http://mp.weixin.qq.com/s?__biz=MzA4MDE4OTYxNA==&mid=260312026&idx=1&sn=2e976af69957fb7886b18c2663e90e5b&3rd=MzA3MDU4NTYzMw==&scene=6#rd","�����ִ���������","100001","14491","14%","2015-02-01 12:14:47"
"7","D0102","����","����","����","��","gossipmaker","1��19��","http://mp.weixin.qq.com/s?__biz=MzA4MDE4OTYxNA==&mid=260312026&idx=1&sn=2e976af69957fb7886b18c2663e90e5b&3rd=MzA3MDU4NTYzMw==&scene=6#rd","�����ִ��������","100001","14491","14%","2015-02-01 12:14:49"
"8","D0102","����","����","����","��","gossipmaker","1��19��","http://mp.weixin.qq.com/s?__biz=MzA4MDE4OTYxNA==&mid=260312026&idx=1&sn=2e976af69957fb7886b18c2663e90e5b&3rd=MzA3MDU4NTYzMw==&scene=6#rd","�����ִ��ͻ��ذ�","100001","14491","14%","2015-02-01 12:14:50"
"1","D0101","�����¸�","����","����","��","gh_d8c432a3cc12","1��18��","http://mp.weixin.qq.com/s?__biz=MjM5ODE4MTUzMg==&mid=202895379&idx=1&sn=a46187dd2e3fc704b72277dbf863f356&3rd=MzA3MDU4NTYzMw==&scene=6#rd","�����ִ���������","2390","22","0%","2015-02-01 13:07:58"
"2","D0101","�����¸�","����","����","��","gh_d8c432a3cc12","1��18��","http://mp.weixin.qq.com/s?__biz=MjM5ODE4MTUzMg==&mid=202895379&idx=1&sn=a46187dd2e3fc704b72277dbf863f356&3rd=MzA3MDU4NTYzMw==&scene=6#rd","�����ִ���ͼ����","2390","22","0%","2015-02-01 13:07:59"
"3","D0101","�����¸�","����","����","��","gh_d8c432a3cc12","1��18��","http://mp.weixin.qq.com/s?__biz=MjM5ODE4MTUzMg==&mid=202895379&idx=1&sn=a46187dd2e3fc704b72277dbf863f356&3rd=MzA3MDU4NTYzMw==&scene=6#rd","�����ִ�ȫ������","2390","22","0%","2015-02-01 13:08:00"
"4","D0102","����","����","����","��","gossipmaker","1��19��","http://mp.weixin.qq.com/s?__biz=MzA4MDE4OTYxNA==&mid=260312026&idx=1&sn=2e976af69957fb7886b18c2663e90e5b&3rd=MzA3MDU4NTYzMw==&scene=6#rd","�����ִ���������","100001","14499","14%","2015-02-01 13:08:03"
"5","D0102","����","����","����","��","gossipmaker","1��19��","http://mp.weixin.qq.com/s?__biz=MzA4MDE4OTYxNA==&mid=260312026&idx=1&sn=2e976af69957fb7886b18c2663e90e5b&3rd=MzA3MDU4NTYzMw==&scene=6#rd","�����ִ�����һ�","100001","14499","14%","2015-02-01 13:08:04"
"6","D0102","����","����","����","��","gossipmaker","1��19��","http://mp.weixin.qq.com/s?__biz=MzA4MDE4OTYxNA==&mid=260312026&idx=1&sn=2e976af69957fb7886b18c2663e90e5b&3rd=MzA3MDU4NTYzMw==&scene=6#rd","�����ִ��������","100001","14499","14%","2015-02-01 13:08:04"
"7","D0102","����","����","����","��","gossipmaker","1��19��","http://mp.weixin.qq.com/s?__biz=MzA4MDE4OTYxNA==&mid=260312026&idx=1&sn=2e976af69957fb7886b18c2663e90e5b&3rd=MzA3MDU4NTYzMw==&scene=6#rd","�����ִ��������","100001","14499","14%","2015-02-01 13:08:05"
"8","D0102","����","����","����","��","gossipmaker","1��19��","http://mp.weixin.qq.com/s?__biz=MzA4MDE4OTYxNA==&mid=260312026&idx=1&sn=2e976af69957fb7886b18c2663e90e5b&3rd=MzA3MDU4NTYzMw==&scene=6#rd","�����ִ�ͻ��ذ�","100001","14499","14%","2015-02-01 13:08:05"
"1","D0101","�����¸�","����","����","��","gh_d8c432a3cc12","1��18��","http://mp.weixin.qq.com/s?__biz=MjM5ODE4MTUzMg==&mid=202895379&idx=1&sn=a46187dd2e3fc704b72277dbf863f356&3rd=MzA3MDU4NTYzMw==&scene=6#rd","�����ִ���������","2390","22","0%","2015-02-01 13:10:39"
"2","D0101","�����¸�","����","����","��","gh_d8c432a3cc12","1��18��","http://mp.weixin.qq.com/s?__biz=MjM5ODE4MTUzMg==&mid=202895379&idx=1&sn=a46187dd2e3fc704b72277dbf863f356&3rd=MzA3MDU4NTYzMw==&scene=6#rd","�����ִ���ͼ����","2390","22","0%","2015-02-01 13:10:40"
"3","D0101","�����¸�","����","����","��","gh_d8c432a3cc12","1��18��","http://mp.weixin.qq.com/s?__biz=MjM5ODE4MTUzMg==&mid=202895379&idx=1&sn=a46187dd2e3fc704b72277dbf863f356&3rd=MzA3MDU4NTYzMw==&scene=6#rd","�����ִ�ȫ������","2390","22","0%","2015-02-01 13:10:40"
"4","D0102","����","����","����","��","gossipmaker","1��19��","http://mp.weixin.qq.com/s?__biz=MzA4MDE4OTYxNA==&mid=260312026&idx=1&sn=2e976af69957fb7886b18c2663e90e5b&3rd=MzA3MDU4NTYzMw==&scene=6#rd","�����ִ���������","100001","14499","14%","2015-02-01 13:10:44"
"5","D0102","����","����","����","��","gossipmaker","1��19��","http://mp.weixin.qq.com/s?__biz=MzA4MDE4OTYxNA==&mid=260312026&idx=1&sn=2e976af69957fb7886b18c2663e90e5b&3rd=MzA3MDU4NTYzMw==&scene=6#rd","�����ִ�����һ�","100001","14499","14%","2015-02-01 13:10:44"
"6","D0102","����","����","����","��","gossipmaker","1��19��","http://mp.weixin.qq.com/s?__biz=MzA4MDE4OTYxNA==&mid=260312026&idx=1&sn=2e976af69957fb7886b18c2663e90e5b&3rd=MzA3MDU4NTYzMw==&scene=6#rd","�����ִ��������","100001","14499","14%","2015-02-01 13:10:45"
"7","D0102","����","����","����","��","gossipmaker","1��19��","http://mp.weixin.qq.com/s?__biz=MzA4MDE4OTYxNA==&mid=260312026&idx=1&sn=2e976af69957fb7886b18c2663e90e5b&3rd=MzA3MDU4NTYzMw==&scene=6#rd","�����ִ��������","100001","14499","14%","2015-02-01 13:10:47"
"8","D0102","����","����","����","��","gossipmaker","1��19��","http://mp.weixin.qq.com/s?__biz=MzA4MDE4OTYxNA==&mid=260312026&idx=1&sn=2e976af69957fb7886b18c2663e90e5b&3rd=MzA3MDU4NTYzMw==&scene=6#rd","�����ִ�ͻ��ذ�","100001","14499","14%","2015-02-01 13:10:50"
"1","D0101","�����¸�","����","����","��","gh_d8c432a3cc12","1��18��","http://mp.weixin.qq.com/s?__biz=MjM5ODE4MTUzMg==&mid=202895379&idx=1&sn=a46187dd2e3fc704b72277dbf863f356&3rd=MzA3MDU4NTYzMw==&scene=6#rd","�����ִ���������","555","12","2.16%","2015-1-28 14:17"
"2","D0101","�����¸�","����","����","��","gh_d8c432a3cc12","1��18��","http://mp.weixin.qq.com/s?__biz=MjM5ODE4MTUzMg==&mid=202895379&idx=1&sn=a46187dd2e3fc704b72277dbf863f356&3rd=MzA3MDU4NTYzMw==&scene=6#rd","�����ִ���ͼ����","121","3","2.48%","2015-1-28 14:17"
"3","D0101","�����¸�","����","����","��","gh_d8c432a3cc12","1��18��","http://mp.weixin.qq.com/s?__biz=MjM5ODE4MTUzMg==&mid=202895379&idx=1&sn=a46187dd2e3fc704b72277dbf863f356&3rd=MzA3MDU4NTYzMw==&scene=6#rd","�����ִ�ȫ������","129","1","0.78%","2015-1-28 14:17"
"4","D0102","����","����","����","��","gossipmaker","1��19��","http://mp.weixin.qq.com/s?__biz=MzA4MDE4OTYxNA==&mid=260312026&idx=1&sn=2e976af69957fb7886b18c2663e90e5b&3rd=MzA3MDU4NTYzMw==&scene=6#rd","�����ִ���������","556","32","5.76%","2015-1-28 14:17"
"5","D0102","����","����","����","��","gossipmaker","1��19��","http://mp.weixin.qq.com/s?__biz=MzA4MDE4OTYxNA==&mid=260312026&idx=1&sn=2e976af69957fb7886b18c2663e90e5b&3rd=MzA3MDU4NTYzMw==&scene=6#rd","�����ִ�����һ�","1200","13","1.08%","2015-1-28 14:17"
"6","D0102","����","����","����","��","gossipmaker","1��19��","http://mp.weixin.qq.com/s?__biz=MzA4MDE4OTYxNA==&mid=260312026&idx=1&sn=2e976af69957fb7886b18c2663e90e5b&3rd=MzA3MDU4NTYzMw==&scene=6#rd","�����ִ��������","5590","132","2.36%","2015-1-28 14:17"
"7","D0102","����","����","����","��","gossipmaker","1��19��","http://mp.weixin.qq.com/s?__biz=MzA4MDE4OTYxNA==&mid=260312026&idx=1&sn=2e976af69957fb7886b18c2663e90e5b&3rd=MzA3MDU4NTYzMw==&scene=6#rd","�����ִ��������","6512","31","0.48%","2015-1-28 14:17"
"8","D0102","����","����","����","��","gossipmaker","1��19��","http://mp.weixin.qq.com/s?__biz=MzA4MDE4OTYxNA==&mid=260312026&idx=1&sn=2e976af69957fb7886b18c2663e90e5b&3rd=MzA3MDU4NTYzMw==&scene=6#rd","�����ִ�ͻ��ذ�","891","24","2.69%","2015-1-28 14:17"
"1","D0101","�����¸�","����","����","��","gh_d8c432a3cc12","1��18��","http://mp.weixin.qq.com/s?__biz=MjM5ODE4MTUzMg==&mid=202895379&idx=1&sn=a46187dd2e3fc704b72277dbf863f356&3rd=MzA3MDU4NTYzMw==&scene=6#rd","�����ִ���������","555","12","2.16%","2015-1-28 14:17"
"2","D0101","�����¸�","����","����","��","gh_d8c432a3cc12","1��18��","http://mp.weixin.qq.com/s?__biz=MjM5ODE4MTUzMg==&mid=202895379&idx=1&sn=a46187dd2e3fc704b72277dbf863f356&3rd=MzA3MDU4NTYzMw==&scene=6#rd","�����ִ���ͼ����","121","3","2.48%","2015-1-28 14:17"
"3","D0101","�����¸�","����","����","��","gh_d8c432a3cc12","1��18��","http://mp.weixin.qq.com/s?__biz=MjM5ODE4MTUzMg==&mid=202895379&idx=1&sn=a46187dd2e3fc704b72277dbf863f356&3rd=MzA3MDU4NTYzMw==&scene=6#rd","�����ִ�ȫ������","129","1","0.78%","2015-1-28 14:17"
"4","D0102","����","����","����","��","gossipmaker","1��19��","http://mp.weixin.qq.com/s?__biz=MzA4MDE4OTYxNA==&mid=260312026&idx=1&sn=2e976af69957fb7886b18c2663e90e5b&3rd=MzA3MDU4NTYzMw==&scene=6#rd","�����ִ���������","556","32","5.76%","2015-1-28 14:17"
"5","D0102","����","����","����","��","gossipmaker","1��19��","http://mp.weixin.qq.com/s?__biz=MzA4MDE4OTYxNA==&mid=260312026&idx=1&sn=2e976af69957fb7886b18c2663e90e5b&3rd=MzA3MDU4NTYzMw==&scene=6#rd","�����ִ�����һ�","1200","13","1.08%","2015-1-28 14:17"
"6","D0102","����","����","����","��","gossipmaker","1��19��","http://mp.weixin.qq.com/s?__biz=MzA4MDE4OTYxNA==&mid=260312026&idx=1&sn=2e976af69957fb7886b18c2663e90e5b&3rd=MzA3MDU4NTYzMw==&scene=6#rd","�����ִ��������","5590","132","2.36%","2015-1-28 14:17"
"7","D0102","����","����","����","��","gossipmaker","1��19��","http://mp.weixin.qq.com/s?__biz=MzA4MDE4OTYxNA==&mid=260312026&idx=1&sn=2e976af69957fb7886b18c2663e90e5b&3rd=MzA3MDU4NTYzMw==&scene=6#rd","�����ִ��������","6512","31","0.48%","2015-1-28 14:17"
"8","D0102","����","����","����","��","gossipmaker","1��19��","http://mp.weixin.qq.com/s?__biz=MzA4MDE4OTYxNA==&mid=260312026&idx=1&sn=2e976af69957fb7886b18c2663e90e5b&3rd=MzA3MDU4NTYzMw==&scene=6#rd","�����ִ�ͻ��ذ�","891","24","2.69%","2015-1-28 14:17"
"1","D0101","�����¸�","����","����","��","gh_d8c432a3cc12","1��18��","http://mp.weixin.qq.com/s?__biz=MjM5ODE4MTUzMg==&mid=202895379&idx=1&sn=a46187dd2e3fc704b72277dbf863f356&3rd=MzA3MDU4NTYzMw==&scene=6#rd","�����ִ���������","555","12","2.16%","2015-1-28 14:17"
"2","D0101","�����¸�","����","����","��","gh_d8c432a3cc12","1��18��","http://mp.weixin.qq.com/s?__biz=MjM5ODE4MTUzMg==&mid=202895379&idx=1&sn=a46187dd2e3fc704b72277dbf863f356&3rd=MzA3MDU4NTYzMw==&scene=6#rd","�����ִ���ͼ����","121","3","2.48%","2015-1-28 14:17"
"3","D0101","�����¸�","����","����","��","gh_d8c432a3cc12","1��18��","http://mp.weixin.qq.com/s?__biz=MjM5ODE4MTUzMg==&mid=202895379&idx=1&sn=a46187dd2e3fc704b72277dbf863f356&3rd=MzA3MDU4NTYzMw==&scene=6#rd","�����ִ�ȫ������","129","1","0.78%","2015-1-28 14:17"
"4","D0102","����","����","����","��","gossipmaker","1��19��","http://mp.weixin.qq.com/s?__biz=MzA4MDE4OTYxNA==&mid=260312026&idx=1&sn=2e976af69957fb7886b18c2663e90e5b&3rd=MzA3MDU4NTYzMw==&scene=6#rd","�����ִ���������","556","32","5.76%","2015-1-28 14:17"
"5","D0102","����","����","����","��","gossipmaker","1��19��","http://mp.weixin.qq.com/s?__biz=MzA4MDE4OTYxNA==&mid=260312026&idx=1&sn=2e976af69957fb7886b18c2663e90e5b&3rd=MzA3MDU4NTYzMw==&scene=6#rd","�����ִ�����һ�","1200","13","1.08%","2015-1-28 14:17"
"6","D0102","����","����","����","��","gossipmaker","1��19��","http://mp.weixin.qq.com/s?__biz=MzA4MDE4OTYxNA==&mid=260312026&idx=1&sn=2e976af69957fb7886b18c2663e90e5b&3rd=MzA3MDU4NTYzMw==&scene=6#rd","�����ִ��������","5590","132","2.36%","2015-1-28 14:17"
"7","D0102","����","����","����","��","gossipmaker","1��19��","http://mp.weixin.qq.com/s?__biz=MzA4MDE4OTYxNA==&mid=260312026&idx=1&sn=2e976af69957fb7886b18c2663e90e5b&3rd=MzA3MDU4NTYzMw==&scene=6#rd","�����ִ��������","6512","31","0.48%","2015-1-28 14:17"
"8","D0102","����","����","����","��","gossipmaker","1��19��","http://mp.weixin.qq.com/s?__biz=MzA4MDE4OTYxNA==&mid=260312026&idx=1&sn=2e976af69957fb7886b18c2663e90e5b&3rd=MzA3MDU4NTYzMw==&scene=6#rd","�����ִ�ͻ��ذ�","891","24","2.69%","2015-1-28 14:17"
"1","D0101","�����¸�","����","����","��","gh_d8c432a3cc12","1��18��","http://mp.weixin.qq.com/s?__biz=MjM5ODE4MTUzMg==&mid=202895379&idx=1&sn=a46187dd2e3fc704b72277dbf863f356&3rd=MzA3MDU4NTYzMw==&scene=6#rd","�����ִ���������","555","12","2.16%","2015-1-28 14:17"
"2","D0101","�����¸�","����","����","��","gh_d8c432a3cc12","1��18��","http://mp.weixin.qq.com/s?__biz=MjM5ODE4MTUzMg==&mid=202895379&idx=1&sn=a46187dd2e3fc704b72277dbf863f356&3rd=MzA3MDU4NTYzMw==&scene=6#rd","�����ִ���ͼ����","121","3","2.48%","2015-1-28 14:17"
"3","D0101","�����¸�","����","����","��","gh_d8c432a3cc12","1��18��","http://mp.weixin.qq.com/s?__biz=MjM5ODE4MTUzMg==&mid=202895379&idx=1&sn=a46187dd2e3fc704b72277dbf863f356&3rd=MzA3MDU4NTYzMw==&scene=6#rd","�����ִ�ȫ������","129","1","0.78%","2015-1-28 14:17"
"4","D0102","����","����","����","��","gossipmaker","1��19��","http://mp.weixin.qq.com/s?__biz=MzA4MDE4OTYxNA==&mid=260312026&idx=1&sn=2e976af69957fb7886b18c2663e90e5b&3rd=MzA3MDU4NTYzMw==&scene=6#rd","�����ִ���������","556","32","5.76%","2015-1-28 14:17"
"5","D0102","����","����","����","��","gossipmaker","1��19��","http://mp.weixin.qq.com/s?__biz=MzA4MDE4OTYxNA==&mid=260312026&idx=1&sn=2e976af69957fb7886b18c2663e90e5b&3rd=MzA3MDU4NTYzMw==&scene=6#rd","�����ִ�����һ�","1200","13","1.08%","2015-1-28 14:17"
"6","D0102","����","����","����","��","gossipmaker","1��19��","http://mp.weixin.qq.com/s?__biz=MzA4MDE4OTYxNA==&mid=260312026&idx=1&sn=2e976af69957fb7886b18c2663e90e5b&3rd=MzA3MDU4NTYzMw==&scene=6#rd","�����ִ��������","5590","132","2.36%","2015-1-28 14:17"
"7","D0102","����","����","����","��","gossipmaker","1��19��","http://mp.weixin.qq.com/s?__biz=MzA4MDE4OTYxNA==&mid=260312026&idx=1&sn=2e976af69957fb7886b18c2663e90e5b&3rd=MzA3MDU4NTYzMw==&scene=6#rd","�����ִ��������","6512","31","0.48%","2015-1-28 14:17"
"8","D0102","����","����","����","��","gossipmaker","1��19��","http://mp.weixin.qq.com/s?__biz=MzA4MDE4OTYxNA==&mid=260312026&idx=1&sn=2e976af69957fb7886b18c2663e90e5b&3rd=MzA3MDU4NTYzMw==&scene=6#rd","�����ִ�ͻ��ذ�","891","24","2.69%","2015-1-28 14:17"
"1","D0101","�����¸�","����","����","��","gh_d8c432a3cc12","1��18��","http://mp.weixin.qq.com/s?__biz=MjM5ODE4MTUzMg==&mid=202895379&idx=1&sn=a46187dd2e3fc704b72277dbf863f356&3rd=MzA3MDU4NTYzMw==&scene=6#rd","�����ִ���������","555","12","2.16%","2015-1-28 14:17"
"2","D0101","�����¸�","����","����","��","gh_d8c432a3cc12","1��18��","http://mp.weixin.qq.com/s?__biz=MjM5ODE4MTUzMg==&mid=202895379&idx=1&sn=a46187dd2e3fc704b72277dbf863f356&3rd=MzA3MDU4NTYzMw==&scene=6#rd","�����ִ���ͼ����","121","3","2.48%","2015-1-28 14:17"
"3","D0101","�����¸�","����","����","��","gh_d8c432a3cc12","1��18��","http://mp.weixin.qq.com/s?__biz=MjM5ODE4MTUzMg==&mid=202895379&idx=1&sn=a46187dd2e3fc704b72277dbf863f356&3rd=MzA3MDU4NTYzMw==&scene=6#rd","�����ִ�ȫ������","129","1","0.78%","2015-1-28 14:17"
"4","D0102","����","����","����","��","gossipmaker","1��19��","http://mp.weixin.qq.com/s?__biz=MzA4MDE4OTYxNA==&mid=260312026&idx=1&sn=2e976af69957fb7886b18c2663e90e5b&3rd=MzA3MDU4NTYzMw==&scene=6#rd","�����ִ���������","556","32","5.76%","2015-1-28 14:17"
"5","D0102","����","����","����","��","gossipmaker","1��19��","http://mp.weixin.qq.com/s?__biz=MzA4MDE4OTYxNA==&mid=260312026&idx=1&sn=2e976af69957fb7886b18c2663e90e5b&3rd=MzA3MDU4NTYzMw==&scene=6#rd","�����ִ�����һ�","1200","13","1.08%","2015-1-28 14:17"
"6","D0102","����","����","����","��","gossipmaker","1��19��","http://mp.weixin.qq.com/s?__biz=MzA4MDE4OTYxNA==&mid=260312026&idx=1&sn=2e976af69957fb7886b18c2663e90e5b&3rd=MzA3MDU4NTYzMw==&scene=6#rd","�����ִ��������","5590","132","2.36%","2015-1-28 14:17"
"7","D0102","����","����","����","��","gossipmaker","1��19��","http://mp.weixin.qq.com/s?__biz=MzA4MDE4OTYxNA==&mid=260312026&idx=1&sn=2e976af69957fb7886b18c2663e90e5b&3rd=MzA3MDU4NTYzMw==&scene=6#rd","�����ִ��������","6512","31","0.48%","2015-1-28 14:17"
"8","D0102","����","����","����","��","gossipmaker","1��19��","http://mp.weixin.qq.com/s?__biz=MzA4MDE4OTYxNA==&mid=260312026&idx=1&sn=2e976af69957fb7886b18c2663e90e5b&3rd=MzA3MDU4NTYzMw==&scene=6#rd","�����ִ�ͻ��ذ�","891","24","2.69%","2015-1-28 14:17"
"1","D0101","�����¸�","����","����","��","gh_d8c432a3cc12","1��18��","http://mp.weixin.qq.com/s?__biz=MjM5ODE4MTUzMg==&mid=202895379&idx=1&sn=a46187dd2e3fc704b72277dbf863f356&3rd=MzA3MDU4NTYzMw==&scene=6#rd","�����ִ���������","555","12","2.16%","2015-1-28 14:17"
"2","D0101","�����¸�","����","����","��","gh_d8c432a3cc12","1��18��","http://mp.weixin.qq.com/s?__biz=MjM5ODE4MTUzMg==&mid=202895379&idx=1&sn=a46187dd2e3fc704b72277dbf863f356&3rd=MzA3MDU4NTYzMw==&scene=6#rd","�����ִ���ͼ����","121","3","2.48%","2015-1-28 14:17"
"3","D0101","�����¸�","����","����","��","gh_d8c432a3cc12","1��18��","http://mp.weixin.qq.com/s?__biz=MjM5ODE4MTUzMg==&mid=202895379&idx=1&sn=a46187dd2e3fc704b72277dbf863f356&3rd=MzA3MDU4NTYzMw==&scene=6#rd","�����ִ�ȫ������","129","1","0.78%","2015-1-28 14:17"
"4","D0102","����","����","����","��","gossipmaker","1��19��","http://mp.weixin.qq.com/s?__biz=MzA4MDE4OTYxNA==&mid=260312026&idx=1&sn=2e976af69957fb7886b18c2663e90e5b&3rd=MzA3MDU4NTYzMw==&scene=6#rd","�����ִ���������","556","32","5.76%","2015-1-28 14:17"
"5","D0102","����","����","����","��","gossipmaker","1��19��","http://mp.weixin.qq.com/s?__biz=MzA4MDE4OTYxNA==&mid=260312026&idx=1&sn=2e976af69957fb7886b18c2663e90e5b&3rd=MzA3MDU4NTYzMw==&scene=6#rd","�����ִ�����һ�","1200","13","1.08%","2015-1-28 14:17"
"6","D0102","����","����","����","��","gossipmaker","1��19��","http://mp.weixin.qq.com/s?__biz=MzA4MDE4OTYxNA==&mid=260312026&idx=1&sn=2e976af69957fb7886b18c2663e90e5b&3rd=MzA3MDU4NTYzMw==&scene=6#rd","�����ִ��������","5590","132","2.36%","2015-1-28 14:17"
"7","D0102","����","����","����","��","gossipmaker","1��19��","http://mp.weixin.qq.com/s?__biz=MzA4MDE4OTYxNA==&mid=260312026&idx=1&sn=2e976af69957fb7886b18c2663e90e5b&3rd=MzA3MDU4NTYzMw==&scene=6#rd","�����ִ��������","6512","31","0.48%","2015-1-28 14:17"
"8","D0102","����","����","����","��","gossipmaker","1��19��","http://mp.weixin.qq.com/s?__biz=MzA4MDE4OTYxNA==&mid=260312026&idx=1&sn=2e976af69957fb7886b18c2663e90e5b&3rd=MzA3MDU4NTYzMw==&scene=6#rd","�����ִ�ͻ��ذ�","891","24","2.69%","2015-1-28 14:17"
"1","D0101","�����¸�","����","����","��","gh_d8c432a3cc12","1��18��","http://mp.weixin.qq.com/s?__biz=MjM5ODE4MTUzMg==&mid=202895379&idx=1&sn=a46187dd2e3fc704b72277dbf863f356&3rd=MzA3MDU4NTYzMw==&scene=6#rd","�����ִ���������","555","12","2.16%","2015-1-28 14:17"
"2","D0101","�����¸�","����","����","��","gh_d8c432a3cc12","1��18��","http://mp.weixin.qq.com/s?__biz=MjM5ODE4MTUzMg==&mid=202895379&idx=1&sn=a46187dd2e3fc704b72277dbf863f356&3rd=MzA3MDU4NTYzMw==&scene=6#rd","�����ִ���ͼ����","121","3","2.48%","2015-1-28 14:17"
"3","D0101","�����¸�","����","����","��","gh_d8c432a3cc12","1��18��","http://mp.weixin.qq.com/s?__biz=MjM5ODE4MTUzMg==&mid=202895379&idx=1&sn=a46187dd2e3fc704b72277dbf863f356&3rd=MzA3MDU4NTYzMw==&scene=6#rd","�����ִ�ȫ������","129","1","0.78%","2015-1-28 14:17"
"4","D0102","����","����","����","��","gossipmaker","1��19��","http://mp.weixin.qq.com/s?__biz=MzA4MDE4OTYxNA==&mid=260312026&idx=1&sn=2e976af69957fb7886b18c2663e90e5b&3rd=MzA3MDU4NTYzMw==&scene=6#rd","�����ִ���������","556","32","5.76%","2015-1-28 14:17"
"5","D0102","����","����","����","��","gossipmaker","1��19��","http://mp.weixin.qq.com/s?__biz=MzA4MDE4OTYxNA==&mid=260312026&idx=1&sn=2e976af69957fb7886b18c2663e90e5b&3rd=MzA3MDU4NTYzMw==&scene=6#rd","�����ִ�����һ�","1200","13","1.08%","2015-1-28 14:17"
"6","D0102","����","����","����","��","gossipmaker","1��19��","http://mp.weixin.qq.com/s?__biz=MzA4MDE4OTYxNA==&mid=260312026&idx=1&sn=2e976af69957fb7886b18c2663e90e5b&3rd=MzA3MDU4NTYzMw==&scene=6#rd","�����ִ��������","5590","132","2.36%","2015-1-28 14:17"
"7","D0102","����","����","����","��","gossipmaker","1��19��","http://mp.weixin.qq.com/s?__biz=MzA4MDE4OTYxNA==&mid=260312026&idx=1&sn=2e976af69957fb7886b18c2663e90e5b&3rd=MzA3MDU4NTYzMw==&scene=6#rd","�����ִ��������","6512","31","0.48%","2015-1-28 14:17"
"8","D0102","����","����","����","��","gossipmaker","1��19��","http://mp.weixin.qq.com/s?__biz=MzA4MDE4OTYxNA==&mid=260312026&idx=1&sn=2e976af69957fb7886b18c2663e90e5b&3rd=MzA3MDU4NTYzMw==&scene=6#rd","�����ִ�ͻ��ذ�","891","24","2.69%","2015-1-28 14:17"
"1","D0101","�����¸�","����","����","��","gh_d8c432a3cc12","1��18��","http://mp.weixin.qq.com/s?__biz=MjM5ODE4MTUzMg==&mid=202895379&idx=1&sn=a46187dd2e3fc704b72277dbf863f356&3rd=MzA3MDU4NTYzMw==&scene=6#rd","�����ִ���������","555","12","2.16%","2015-1-28 14:17"
"2","D0101","�����¸�","����","����","��","gh_d8c432a3cc12","1��18��","http://mp.weixin.qq.com/s?__biz=MjM5ODE4MTUzMg==&mid=202895379&idx=1&sn=a46187dd2e3fc704b72277dbf863f356&3rd=MzA3MDU4NTYzMw==&scene=6#rd","�����ִ���ͼ����","121","3","2.48%","2015-1-28 14:17"
"3","D0101","�����¸�","����","����","��","gh_d8c432a3cc12","1��18��","http://mp.weixin.qq.com/s?__biz=MjM5ODE4MTUzMg==&mid=202895379&idx=1&sn=a46187dd2e3fc704b72277dbf863f356&3rd=MzA3MDU4NTYzMw==&scene=6#rd","�����ִ�ȫ������","129","1","0.78%","2015-1-28 14:17"
"4","D0102","����","����","����","��","gossipmaker","1��19��","http://mp.weixin.qq.com/s?__biz=MzA4MDE4OTYxNA==&mid=260312026&idx=1&sn=2e976af69957fb7886b18c2663e90e5b&3rd=MzA3MDU4NTYzMw==&scene=6#rd","�����ִ���������","556","32","5.76%","2015-1-28 14:17"
"5","D0102","����","����","����","��","gossipmaker","1��19��","http://mp.weixin.qq.com/s?__biz=MzA4MDE4OTYxNA==&mid=260312026&idx=1&sn=2e976af69957fb7886b18c2663e90e5b&3rd=MzA3MDU4NTYzMw==&scene=6#rd","�����ִ�����һ�","1200","13","1.08%","2015-1-28 14:17"
"6","D0102","����","����","����","��","gossipmaker","1��19��","http://mp.weixin.qq.com/s?__biz=MzA4MDE4OTYxNA==&mid=260312026&idx=1&sn=2e976af69957fb7886b18c2663e90e5b&3rd=MzA3MDU4NTYzMw==&scene=6#rd","�����ִ��������","5590","132","2.36%","2015-1-28 14:17"
"7","D0102","����","����","����","��","gossipmaker","1��19��","http://mp.weixin.qq.com/s?__biz=MzA4MDE4OTYxNA==&mid=260312026&idx=1&sn=2e976af69957fb7886b18c2663e90e5b&3rd=MzA3MDU4NTYzMw==&scene=6#rd","�����ִ��������","6512","31","0.48%","2015-1-28 14:17"
"8","D0102","����","����","����","��","gossipmaker","1��19��","http://mp.weixin.qq.com/s?__biz=MzA4MDE4OTYxNA==&mid=260312026&idx=1&sn=2e976af69957fb7886b18c2663e90e5b&3rd=MzA3MDU4NTYzMw==&scene=6#rd","�����ִ�ͻ��ذ�","891","24","2.69%","2015-1-28 14:17"
"1","D0101","�����¸�","����","����","��","gh_d8c432a3cc12","1��18��","http://mp.weixin.qq.com/s?__biz=MjM5ODE4MTUzMg==&mid=202895379&idx=1&sn=a46187dd2e3fc704b72277dbf863f356&3rd=MzA3MDU4NTYzMw==&scene=6#rd","�����ִ���������","555","12","2.16%","2015-1-28 14:17"
"2","D0101","�����¸�","����","����","��","gh_d8c432a3cc12","1��18��","http://mp.weixin.qq.com/s?__biz=MjM5ODE4MTUzMg==&mid=202895379&idx=1&sn=a46187dd2e3fc704b72277dbf863f356&3rd=MzA3MDU4NTYzMw==&scene=6#rd","�����ִ���ͼ����","121","3","2.48%","2015-1-28 14:17"
"3","D0101","�����¸�","����","����","��","gh_d8c432a3cc12","1��18��","http://mp.weixin.qq.com/s?__biz=MjM5ODE4MTUzMg==&mid=202895379&idx=1&sn=a46187dd2e3fc704b72277dbf863f356&3rd=MzA3MDU4NTYzMw==&scene=6#rd","�����ִ�ȫ������","129","1","0.78%","2015-1-28 14:17"
"4","D0102","����","����","����","��","gossipmaker","1��19��","http://mp.weixin.qq.com/s?__biz=MzA4MDE4OTYxNA==&mid=260312026&idx=1&sn=2e976af69957fb7886b18c2663e90e5b&3rd=MzA3MDU4NTYzMw==&scene=6#rd","�����ִ���������","556","32","5.76%","2015-1-28 14:17"
"5","D0102","����","����","����","��","gossipmaker","1��19��","http://mp.weixin.qq.com/s?__biz=MzA4MDE4OTYxNA==&mid=260312026&idx=1&sn=2e976af69957fb7886b18c2663e90e5b&3rd=MzA3MDU4NTYzMw==&scene=6#rd","�����ִ�����һ�","1200","13","1.08%","2015-1-28 14:17"
"6","D0102","����","����","����","��","gossipmaker","1��19��","http://mp.weixin.qq.com/s?__biz=MzA4MDE4OTYxNA==&mid=260312026&idx=1&sn=2e976af69957fb7886b18c2663e90e5b&3rd=MzA3MDU4NTYzMw==&scene=6#rd","�����ִ��������","5590","132","2.36%","2015-1-28 14:17"
"7","D0102","����","����","����","��","gossipmaker","1��19��","http://mp.weixin.qq.com/s?__biz=MzA4MDE4OTYxNA==&mid=260312026&idx=1&sn=2e976af69957fb7886b18c2663e90e5b&3rd=MzA3MDU4NTYzMw==&scene=6#rd","�����ִ��������","6512","31","0.48%","2015-1-28 14:17"
"8","D0102","����","����","����","��","gossipmaker","1��19��","http://mp.weixin.qq.com/s?__biz=MzA4MDE4OTYxNA==&mid=260312026&idx=1&sn=2e976af69957fb7886b18c2663e90e5b&3rd=MzA3MDU4NTYzMw==&scene=6#rd","�����ִ�ͻ��ذ�","891","24","2.69%","2015-1-28 14:17"
"1","D0101","�����¸�","����","����","��","gh_d8c432a3cc12","1��18��","http://mp.weixin.qq.com/s?__biz=MjM5ODE4MTUzMg==&mid=202895379&idx=1&sn=a46187dd2e3fc704b72277dbf863f356&3rd=MzA3MDU4NTYzMw==&scene=6#rd","�����ִ���������","555","12","2.16%","2015-1-28 14:17"
"2","D0101","�����¸�","����","����","��","gh_d8c432a3cc12","1��18��","http://mp.weixin.qq.com/s?__biz=MjM5ODE4MTUzMg==&mid=202895379&idx=1&sn=a46187dd2e3fc704b72277dbf863f356&3rd=MzA3MDU4NTYzMw==&scene=6#rd","�����ִ���ͼ����","121","3","2.48%","2015-1-28 14:17"
"3","D0101","�����¸�","����","����","��","gh_d8c432a3cc12","1��18��","http://mp.weixin.qq.com/s?__biz=MjM5ODE4MTUzMg==&mid=202895379&idx=1&sn=a46187dd2e3fc704b72277dbf863f356&3rd=MzA3MDU4NTYzMw==&scene=6#rd","�����ִ�ȫ������","129","1","0.78%","2015-1-28 14:17"
"4","D0102","����","����","����","��","gossipmaker","1��19��","http://mp.weixin.qq.com/s?__biz=MzA4MDE4OTYxNA==&mid=260312026&idx=1&sn=2e976af69957fb7886b18c2663e90e5b&3rd=MzA3MDU4NTYzMw==&scene=6#rd","�����ִ���������","556","32","5.76%","2015-1-28 14:17"
"5","D0102","����","����","����","��","gossipmaker","1��19��","http://mp.weixin.qq.com/s?__biz=MzA4MDE4OTYxNA==&mid=260312026&idx=1&sn=2e976af69957fb7886b18c2663e90e5b&3rd=MzA3MDU4NTYzMw==&scene=6#rd","�����ִ�����һ�","1200","13","1.08%","2015-1-28 14:17"
"6","D0102","����","����","����","��","gossipmaker","1��19��","http://mp.weixin.qq.com/s?__biz=MzA4MDE4OTYxNA==&mid=260312026&idx=1&sn=2e976af69957fb7886b18c2663e90e5b&3rd=MzA3MDU4NTYzMw==&scene=6#rd","�����ִ��������","5590","132","2.36%","2015-1-28 14:17"
"7","D0102","����","����","����","��","gossipmaker","1��19��","http://mp.weixin.qq.com/s?__biz=MzA4MDE4OTYxNA==&mid=260312026&idx=1&sn=2e976af69957fb7886b18c2663e90e5b&3rd=MzA3MDU4NTYzMw==&scene=6#rd","�����ִ��������","6512","31","0.48%","2015-1-28 14:17"
"8","D0102","����","����","����","��","gossipmaker","1��19��","http://mp.weixin.qq.com/s?__biz=MzA4MDE4OTYxNA==&mid=260312026&idx=1&sn=2e976af69957fb7886b18c2663e90e5b&3rd=MzA3MDU4NTYzMw==&scene=6#rd","�����ִ�ͻ��ذ�","891","24","2.69%","2015-1-28 14:17"
"1","D0101","�����¸�","����","����","��","gh_d8c432a3cc12","1��18��","http://mp.weixin.qq.com/s?__biz=MjM5ODE4MTUzMg==&mid=202895379&idx=1&sn=a46187dd2e3fc704b72277dbf863f356&3rd=MzA3MDU4NTYzMw==&scene=6#rd","�����ִ���������","555","12","2.16%","2015-1-28 14:17"
"2","D0101","�����¸�","����","����","��","gh_d8c432a3cc12","1��18��","http://mp.weixin.qq.com/s?__biz=MjM5ODE4MTUzMg==&mid=202895379&idx=1&sn=a46187dd2e3fc704b72277dbf863f356&3rd=MzA3MDU4NTYzMw==&scene=6#rd","�����ִ���ͼ����","121","3","2.48%","2015-1-28 14:17"
"3","D0101","�����¸�","����","����","��","gh_d8c432a3cc12","1��18��","http://mp.weixin.qq.com/s?__biz=MjM5ODE4MTUzMg==&mid=202895379&idx=1&sn=a46187dd2e3fc704b72277dbf863f356&3rd=MzA3MDU4NTYzMw==&scene=6#rd","�����ִ�ȫ������","129","1","0.78%","2015-1-28 14:17"
"4","D0102","����","����","����","��","gossipmaker","1��19��","http://mp.weixin.qq.com/s?__biz=MzA4MDE4OTYxNA==&mid=260312026&idx=1&sn=2e976af69957fb7886b18c2663e90e5b&3rd=MzA3MDU4NTYzMw==&scene=6#rd","�����ִ���������","556","32","5.76%","2015-1-28 14:17"
"5","D0102","����","����","����","��","gossipmaker","1��19��","http://mp.weixin.qq.com/s?__biz=MzA4MDE4OTYxNA==&mid=260312026&idx=1&sn=2e976af69957fb7886b18c2663e90e5b&3rd=MzA3MDU4NTYzMw==&scene=6#rd","�����ִ�����һ�","1200","13","1.08%","2015-1-28 14:17"
"6","D0102","����","����","����","��","gossipmaker","1��19��","http://mp.weixin.qq.com/s?__biz=MzA4MDE4OTYxNA==&mid=260312026&idx=1&sn=2e976af69957fb7886b18c2663e90e5b&3rd=MzA3MDU4NTYzMw==&scene=6#rd","�����ִ��������","5590","132","2.36%","2015-1-28 14:17"
"7","D0102","����","����","����","��","gossipmaker","1��19��","http://mp.weixin.qq.com/s?__biz=MzA4MDE4OTYxNA==&mid=260312026&idx=1&sn=2e976af69957fb7886b18c2663e90e5b&3rd=MzA3MDU4NTYzMw==&scene=6#rd","�����ִ��������","6512","31","0.48%","2015-1-28 14:17"
"8","D0102","����","����","����","��","gossipmaker","1��19��","http://mp.weixin.qq.com/s?__biz=MzA4MDE4OTYxNA==&mid=260312026&idx=1&sn=2e976af69957fb7886b18c2663e90e5b&3rd=MzA3MDU4NTYzMw==&scene=6#rd","�����ִ�ͻ��ذ�","891","24","2.69%","2015-1-28 14:17"
"1","D0101","�����¸�","����","����","��","gh_d8c432a3cc12","1��18��","http://mp.weixin.qq.com/s?__biz=MjM5ODE4MTUzMg==&mid=202895379&idx=1&sn=a46187dd2e3fc704b72277dbf863f356&3rd=MzA3MDU4NTYzMw==&scene=6#rd","�����ִ���������","555","12","2.16%","2015-1-28 14:17"
"2","D0101","�����¸�","����","����","��","gh_d8c432a3cc12","1��18��","http://mp.weixin.qq.com/s?__biz=MjM5ODE4MTUzMg==&mid=202895379&idx=1&sn=a46187dd2e3fc704b72277dbf863f356&3rd=MzA3MDU4NTYzMw==&scene=6#rd","�����ִ���ͼ����","121","3","2.48%","2015-1-28 14:17"
"3","D0101","�����¸�","����","����","��","gh_d8c432a3cc12","1��18��","http://mp.weixin.qq.com/s?__biz=MjM5ODE4MTUzMg==&mid=202895379&idx=1&sn=a46187dd2e3fc704b72277dbf863f356&3rd=MzA3MDU4NTYzMw==&scene=6#rd","�����ִ�ȫ������","129","1","0.78%","2015-1-28 14:17"
"4","D0102","����","����","����","��","gossipmaker","1��19��","http://mp.weixin.qq.com/s?__biz=MzA4MDE4OTYxNA==&mid=260312026&idx=1&sn=2e976af69957fb7886b18c2663e90e5b&3rd=MzA3MDU4NTYzMw==&scene=6#rd","�����ִ���������","556","32","5.76%","2015-1-28 14:17"
"5","D0102","����","����","����","��","gossipmaker","1��19��","http://mp.weixin.qq.com/s?__biz=MzA4MDE4OTYxNA==&mid=260312026&idx=1&sn=2e976af69957fb7886b18c2663e90e5b&3rd=MzA3MDU4NTYzMw==&scene=6#rd","�����ִ�����һ�","1200","13","1.08%","2015-1-28 14:17"
"6","D0102","����","����","����","��","gossipmaker","1��19��","http://mp.weixin.qq.com/s?__biz=MzA4MDE4OTYxNA==&mid=260312026&idx=1&sn=2e976af69957fb7886b18c2663e90e5b&3rd=MzA3MDU4NTYzMw==&scene=6#rd","�����ִ��������","5590","132","2.36%","2015-1-28 14:17"
"7","D0102","����","����","����","��","gossipmaker","1��19��","http://mp.weixin.qq.com/s?__biz=MzA4MDE4OTYxNA==&mid=260312026&idx=1&sn=2e976af69957fb7886b18c2663e90e5b&3rd=MzA3MDU4NTYzMw==&scene=6#rd","�����ִ��������","6512","31","0.48%","2015-1-28 14:17"
"8","D0102","����","����","����","��","gossipmaker","1��19��","http://mp.weixin.qq.com/s?__biz=MzA4MDE4OTYxNA==&mid=260312026&idx=1&sn=2e976af69957fb7886b18c2663e90e5b&3rd=MzA3MDU4NTYzMw==&scene=6#rd","�����ִ�ͻ��ذ�","891","24","2.69%","2015-1-28 14:17"
"1","D0101","�����¸�","����","����","��","gh_d8c432a3cc12","1��18��","http://mp.weixin.qq.com/s?__biz=MjM5ODE4MTUzMg==&mid=202895379&idx=1&sn=a46187dd2e3fc704b72277dbf863f356&3rd=MzA3MDU4NTYzMw==&scene=6#rd","�����ִ���������","555","12","2.16%","2015-1-28 14:17"
"2","D0101","�����¸�","����","����","��","gh_d8c432a3cc12","1��18��","http://mp.weixin.qq.com/s?__biz=MjM5ODE4MTUzMg==&mid=202895379&idx=1&sn=a46187dd2e3fc704b72277dbf863f356&3rd=MzA3MDU4NTYzMw==&scene=6#rd","�����ִ���ͼ����","121","3","2.48%","2015-1-28 14:17"
"3","D0101","�����¸�","����","����","��","gh_d8c432a3cc12","1��18��","http://mp.weixin.qq.com/s?__biz=MjM5ODE4MTUzMg==&mid=202895379&idx=1&sn=a46187dd2e3fc704b72277dbf863f356&3rd=MzA3MDU4NTYzMw==&scene=6#rd","�����ִ�ȫ������","129","1","0.78%","2015-1-28 14:17"
"4","D0102","����","����","����","��","gossipmaker","1��19��","http://mp.weixin.qq.com/s?__biz=MzA4MDE4OTYxNA==&mid=260312026&idx=1&sn=2e976af69957fb7886b18c2663e90e5b&3rd=MzA3MDU4NTYzMw==&scene=6#rd","�����ִ���������","556","32","5.76%","2015-1-28 14:17"
"5","D0102","����","����","����","��","gossipmaker","1��19��","http://mp.weixin.qq.com/s?__biz=MzA4MDE4OTYxNA==&mid=260312026&idx=1&sn=2e976af69957fb7886b18c2663e90e5b&3rd=MzA3MDU4NTYzMw==&scene=6#rd","�����ִ�����һ�","1200","13","1.08%","2015-1-28 14:17"
"6","D0102","����","����","����","��","gossipmaker","1��19��","http://mp.weixin.qq.com/s?__biz=MzA4MDE4OTYxNA==&mid=260312026&idx=1&sn=2e976af69957fb7886b18c2663e90e5b&3rd=MzA3MDU4NTYzMw==&scene=6#rd","�����ִ��������","5590","132","2.36%","2015-1-28 14:17"
"7","D0102","����","����","����","��","gossipmaker","1��19��","http://mp.weixin.qq.com/s?__biz=MzA4MDE4OTYxNA==&mid=260312026&idx=1&sn=2e976af69957fb7886b18c2663e90e5b&3rd=MzA3MDU4NTYzMw==&scene=6#rd","�����ִ��������","6512","31","0.48%","2015-1-28 14:17"
"8","D0102","����","����","����","��","gossipmaker","1��19��","http://mp.weixin.qq.com/s?__biz=MzA4MDE4OTYxNA==&mid=260312026&idx=1&sn=2e976af69957fb7886b18c2663e90e5b&3rd=MzA3MDU4NTYzMw==&scene=6#rd","�����ִ�ͻ��ذ�","891","24","2.69%","2015-1-28 14:17"
"1","D0101","�����¸�","����","����","��","gh_d8c432a3cc12","1��18��","http://mp.weixin.qq.com/s?__biz=MjM5ODE4MTUzMg==&mid=202895379&idx=1&sn=a46187dd2e3fc704b72277dbf863f356&3rd=MzA3MDU4NTYzMw==&scene=6#rd","�����ִ���������","555","12","2.16%","2015-1-28 14:17"
"2","D0101","�����¸�","����","����","��","gh_d8c432a3cc12","1��18��","http://mp.weixin.qq.com/s?__biz=MjM5ODE4MTUzMg==&mid=202895379&idx=1&sn=a46187dd2e3fc704b72277dbf863f356&3rd=MzA3MDU4NTYzMw==&scene=6#rd","�����ִ���ͼ����","121","3","2.48%","2015-1-28 14:17"
"3","D0101","�����¸�","����","����","��","gh_d8c432a3cc12","1��18��","http://mp.weixin.qq.com/s?__biz=MjM5ODE4MTUzMg==&mid=202895379&idx=1&sn=a46187dd2e3fc704b72277dbf863f356&3rd=MzA3MDU4NTYzMw==&scene=6#rd","�����ִ�ȫ������","129","1","0.78%","2015-1-28 14:17"
"4","D0102","����","����","����","��","gossipmaker","1��19��","http://mp.weixin.qq.com/s?__biz=MzA4MDE4OTYxNA==&mid=260312026&idx=1&sn=2e976af69957fb7886b18c2663e90e5b&3rd=MzA3MDU4NTYzMw==&scene=6#rd","�����ִ���������","556","32","5.76%","2015-1-28 14:17"
"5","D0102","����","����","����","��","gossipmaker","1��19��","http://mp.weixin.qq.com/s?__biz=MzA4MDE4OTYxNA==&mid=260312026&idx=1&sn=2e976af69957fb7886b18c2663e90e5b&3rd=MzA3MDU4NTYzMw==&scene=6#rd","�����ִ�����һ�","1200","13","1.08%","2015-1-28 14:17"
"6","D0102","����","����","����","��","gossipmaker","1��19��","http://mp.weixin.qq.com/s?__biz=MzA4MDE4OTYxNA==&mid=260312026&idx=1&sn=2e976af69957fb7886b18c2663e90e5b&3rd=MzA3MDU4NTYzMw==&scene=6#rd","�����ִ��������","5590","132","2.36%","2015-1-28 14:17"
"7","D0102","����","����","����","��","gossipmaker","1��19��","http://mp.weixin.qq.com/s?__biz=MzA4MDE4OTYxNA==&mid=260312026&idx=1&sn=2e976af69957fb7886b18c2663e90e5b&3rd=MzA3MDU4NTYzMw==&scene=6#rd","�����ִ��������","6512","31","0.48%","2015-1-28 14:17"
"8","D0102","����","����","����","��","gossipmaker","1��19��","http://mp.weixin.qq.com/s?__biz=MzA4MDE4OTYxNA==&mid=260312026&idx=1&sn=2e976af69957fb7886b18c2663e90e5b&3rd=MzA3MDU4NTYzMw==&scene=6#rd","�����ִ�ͻ��ذ�","891","24","2.69%","2015-1-28 14:17"
"1","D0101","�����¸�","����","����","��","gh_d8c432a3cc12","1��18��","http://mp.weixin.qq.com/s?__biz=MjM5ODE4MTUzMg==&mid=202895379&idx=1&sn=a46187dd2e3fc704b72277dbf863f356&3rd=MzA3MDU4NTYzMw==&scene=6#rd","�����ִ���������","555","12","2.16%","2015-1-28 14:17"
"2","D0101","�����¸�","����","����","��","gh_d8c432a3cc12","1��18��","http://mp.weixin.qq.com/s?__biz=MjM5ODE4MTUzMg==&mid=202895379&idx=1&sn=a46187dd2e3fc704b72277dbf863f356&3rd=MzA3MDU4NTYzMw==&scene=6#rd","�����ִ���ͼ����","121","3","2.48%","2015-1-28 14:17"
"3","D0101","�����¸�","����","����","��","gh_d8c432a3cc12","1��18��","http://mp.weixin.qq.com/s?__biz=MjM5ODE4MTUzMg==&mid=202895379&idx=1&sn=a46187dd2e3fc704b72277dbf863f356&3rd=MzA3MDU4NTYzMw==&scene=6#rd","�����ִ�ȫ������","129","1","0.78%","2015-1-28 14:17"
"4","D0102","����","����","����","��","gossipmaker","1��19��","http://mp.weixin.qq.com/s?__biz=MzA4MDE4OTYxNA==&mid=260312026&idx=1&sn=2e976af69957fb7886b18c2663e90e5b&3rd=MzA3MDU4NTYzMw==&scene=6#rd","�����ִ���������","556","32","5.76%","2015-1-28 14:17"
"5","D0102","����","����","����","��","gossipmaker","1��19��","http://mp.weixin.qq.com/s?__biz=MzA4MDE4OTYxNA==&mid=260312026&idx=1&sn=2e976af69957fb7886b18c2663e90e5b&3rd=MzA3MDU4NTYzMw==&scene=6#rd","�����ִ�����һ�","1200","13","1.08%","2015-1-28 14:17"
"6","D0102","����","����","����","��","gossipmaker","1��19��","http://mp.weixin.qq.com/s?__biz=MzA4MDE4OTYxNA==&mid=260312026&idx=1&sn=2e976af69957fb7886b18c2663e90e5b&3rd=MzA3MDU4NTYzMw==&scene=6#rd","�����ִ��������","5590","132","2.36%","2015-1-28 14:17"
"7","D0102","����","����","����","��","gossipmaker","1��19��","http://mp.weixin.qq.com/s?__biz=MzA4MDE4OTYxNA==&mid=260312026&idx=1&sn=2e976af69957fb7886b18c2663e90e5b&3rd=MzA3MDU4NTYzMw==&scene=6#rd","�����ִ��������","6512","31","0.48%","2015-1-28 14:17"
"8","D0102","����","����","����","��","gossipmaker","1��19��","http://mp.weixin.qq.com/s?__biz=MzA4MDE4OTYxNA==&mid=260312026&idx=1&sn=2e976af69957fb7886b18c2663e90e5b&3rd=MzA3MDU4NTYzMw==&scene=6#rd","�����ִ�ͻ��ذ�","891","24","2.69%","2015-1-28 14:17"
"1","D0101","�����¸�","����","����","��","gh_d8c432a3cc12","1��18��","http://mp.weixin.qq.com/s?__biz=MjM5ODE4MTUzMg==&mid=202895379&idx=1&sn=a46187dd2e3fc704b72277dbf863f356&3rd=MzA3MDU4NTYzMw==&scene=6#rd","�����ִ���������","555","12","2.16%","2015-1-28 14:17"
"2","D0101","�����¸�","����","����","��","gh_d8c432a3cc12","1��18��","http://mp.weixin.qq.com/s?__biz=MjM5ODE4MTUzMg==&mid=202895379&idx=1&sn=a46187dd2e3fc704b72277dbf863f356&3rd=MzA3MDU4NTYzMw==&scene=6#rd","�����ִ���ͼ����","121","3","2.48%","2015-1-28 14:17"
"3","D0101","�����¸�","����","����","��","gh_d8c432a3cc12","1��18��","http://mp.weixin.qq.com/s?__biz=MjM5ODE4MTUzMg==&mid=202895379&idx=1&sn=a46187dd2e3fc704b72277dbf863f356&3rd=MzA3MDU4NTYzMw==&scene=6#rd","�����ִ�ȫ������","129","1","0.78%","2015-1-28 14:17"
"4","D0102","����","����","����","��","gossipmaker","1��19��","http://mp.weixin.qq.com/s?__biz=MzA4MDE4OTYxNA==&mid=260312026&idx=1&sn=2e976af69957fb7886b18c2663e90e5b&3rd=MzA3MDU4NTYzMw==&scene=6#rd","�����ִ���������","556","32","5.76%","2015-1-28 14:17"
"5","D0102","����","����","����","��","gossipmaker","1��19��","http://mp.weixin.qq.com/s?__biz=MzA4MDE4OTYxNA==&mid=260312026&idx=1&sn=2e976af69957fb7886b18c2663e90e5b&3rd=MzA3MDU4NTYzMw==&scene=6#rd","�����ִ�����һ�","1200","13","1.08%","2015-1-28 14:17"
"6","D0102","����","����","����","��","gossipmaker","1��19��","http://mp.weixin.qq.com/s?__biz=MzA4MDE4OTYxNA==&mid=260312026&idx=1&sn=2e976af69957fb7886b18c2663e90e5b&3rd=MzA3MDU4NTYzMw==&scene=6#rd","�����ִ��������","5590","132","2.36%","2015-1-28 14:17"
"7","D0102","����","����","����","��","gossipmaker","1��19��","http://mp.weixin.qq.com/s?__biz=MzA4MDE4OTYxNA==&mid=260312026&idx=1&sn=2e976af69957fb7886b18c2663e90e5b&3rd=MzA3MDU4NTYzMw==&scene=6#rd","�����ִ��������","6512","31","0.48%","2015-1-28 14:17"
"8","D0102","����","����","����","��","gossipmaker","1��19��","http://mp.weixin.qq.com/s?__biz=MzA4MDE4OTYxNA==&mid=260312026&idx=1&sn=2e976af69957fb7886b18c2663e90e5b&3rd=MzA3MDU4NTYzMw==&scene=6#rd","�����ִ�ͻ��ذ�","891","24","2.69%","2015-1-28 14:17"
"1","D0101","�����¸�","����","����","��","gh_d8c432a3cc12","1��18��","http://mp.weixin.qq.com/s?__biz=MjM5ODE4MTUzMg==&mid=202895379&idx=1&sn=a46187dd2e3fc704b72277dbf863f356&3rd=MzA3MDU4NTYzMw==&scene=6#rd","�����ִ���������","555","12","2.16%","2015-1-28 14:17"
"2","D0101","�����¸�","����","����","��","gh_d8c432a3cc12","1��18��","http://mp.weixin.qq.com/s?__biz=MjM5ODE4MTUzMg==&mid=202895379&idx=1&sn=a46187dd2e3fc704b72277dbf863f356&3rd=MzA3MDU4NTYzMw==&scene=6#rd","�����ִ���ͼ����","121","3","2.48%","2015-1-28 14:17"
"3","D0101","�����¸�","����","����","��","gh_d8c432a3cc12","1��18��","http://mp.weixin.qq.com/s?__biz=MjM5ODE4MTUzMg==&mid=202895379&idx=1&sn=a46187dd2e3fc704b72277dbf863f356&3rd=MzA3MDU4NTYzMw==&scene=6#rd","�����ִ�ȫ������","129","1","0.78%","2015-1-28 14:17"
"4","D0102","����","����","����","��","gossipmaker","1��19��","http://mp.weixin.qq.com/s?__biz=MzA4MDE4OTYxNA==&mid=260312026&idx=1&sn=2e976af69957fb7886b18c2663e90e5b&3rd=MzA3MDU4NTYzMw==&scene=6#rd","�����ִ���������","556","32","5.76%","2015-1-28 14:17"
"5","D0102","����","����","����","��","gossipmaker","1��19��","http://mp.weixin.qq.com/s?__biz=MzA4MDE4OTYxNA==&mid=260312026&idx=1&sn=2e976af69957fb7886b18c2663e90e5b&3rd=MzA3MDU4NTYzMw==&scene=6#rd","�����ִ�����һ�","1200","13","1.08%","2015-1-28 14:17"
"6","D0102","����","����","����","��","gossipmaker","1��19��","http://mp.weixin.qq.com/s?__biz=MzA4MDE4OTYxNA==&mid=260312026&idx=1&sn=2e976af69957fb7886b18c2663e90e5b&3rd=MzA3MDU4NTYzMw==&scene=6#rd","�����ִ��������","5590","132","2.36%","2015-1-28 14:17"
"7","D0102","����","����","����","��","gossipmaker","1��19��","http://mp.weixin.qq.com/s?__biz=MzA4MDE4OTYxNA==&mid=260312026&idx=1&sn=2e976af69957fb7886b18c2663e90e5b&3rd=MzA3MDU4NTYzMw==&scene=6#rd","�����ִ��������","6512","31","0.48%","2015-1-28 14:17"
"8","D0102","����","����","����","��","gossipmaker","1��19��","http://mp.weixin.qq.com/s?__biz=MzA4MDE4OTYxNA==&mid=260312026&idx=1&sn=2e976af69957fb7886b18c2663e90e5b&3rd=MzA3MDU4NTYzMw==&scene=6#rd","�����ִ�ͻ��ذ�","891","24","2.69%","2015-1-28 14:17"
"1","D0101","�����¸�","����","����","��","gh_d8c432a3cc12","1��18��","http://mp.weixin.qq.com/s?__biz=MjM5ODE4MTUzMg==&mid=202895379&idx=1&sn=a46187dd2e3fc704b72277dbf863f356&3rd=MzA3MDU4NTYzMw==&scene=6#rd","�����ִ���������","555","12","2.16%","2015-1-28 14:17"
"2","D0101","�����¸�","����","����","��","gh_d8c432a3cc12","1��18��","http://mp.weixin.qq.com/s?__biz=MjM5ODE4MTUzMg==&mid=202895379&idx=1&sn=a46187dd2e3fc704b72277dbf863f356&3rd=MzA3MDU4NTYzMw==&scene=6#rd","�����ִ���ͼ����","121","3","2.48%","2015-1-28 14:17"
"3","D0101","�����¸�","����","����","��","gh_d8c432a3cc12","1��18��","http://mp.weixin.qq.com/s?__biz=MjM5ODE4MTUzMg==&mid=202895379&idx=1&sn=a46187dd2e3fc704b72277dbf863f356&3rd=MzA3MDU4NTYzMw==&scene=6#rd","�����ִ�ȫ������","129","1","0.78%","2015-1-28 14:17"
"4","D0102","����","����","����","��","gossipmaker","1��19��","http://mp.weixin.qq.com/s?__biz=MzA4MDE4OTYxNA==&mid=260312026&idx=1&sn=2e976af69957fb7886b18c2663e90e5b&3rd=MzA3MDU4NTYzMw==&scene=6#rd","�����ִ���������","556","32","5.76%","2015-1-28 14:17"
"5","D0102","����","����","����","��","gossipmaker","1��19��","http://mp.weixin.qq.com/s?__biz=MzA4MDE4OTYxNA==&mid=260312026&idx=1&sn=2e976af69957fb7886b18c2663e90e5b&3rd=MzA3MDU4NTYzMw==&scene=6#rd","�����ִ�����һ�","1200","13","1.08%","2015-1-28 14:17"
"6","D0102","����","����","����","��","gossipmaker","1��19��","http://mp.weixin.qq.com/s?__biz=MzA4MDE4OTYxNA==&mid=260312026&idx=1&sn=2e976af69957fb7886b18c2663e90e5b&3rd=MzA3MDU4NTYzMw==&scene=6#rd","�����ִ��������","5590","132","2.36%","2015-1-28 14:17"
"7","D0102","����","����","����","��","gossipmaker","1��19��","http://mp.weixin.qq.com/s?__biz=MzA4MDE4OTYxNA==&mid=260312026&idx=1&sn=2e976af69957fb7886b18c2663e90e5b&3rd=MzA3MDU4NTYzMw==&scene=6#rd","�����ִ��������","6512","31","0.48%","2015-1-28 14:17"
"8","D0102","����","����","����","��","gossipmaker","1��19��","http://mp.weixin.qq.com/s?__biz=MzA4MDE4OTYxNA==&mid=260312026&idx=1&sn=2e976af69957fb7886b18c2663e90e5b&3rd=MzA3MDU4NTYzMw==&scene=6#rd","�����ִ�ͻ��ذ�","891","24","2.69%","2015-1-28 14:17"
"1","D0101","�����¸�","����","����","��","gh_d8c432a3cc12","1��18��","http://mp.weixin.qq.com/s?__biz=MjM5ODE4MTUzMg==&mid=202895379&idx=1&sn=a46187dd2e3fc704b72277dbf863f356&3rd=MzA3MDU4NTYzMw==&scene=6#rd","�����ִ���������","555","12","2.16%","2015-1-28 14:17"
"2","D0101","�����¸�","����","����","��","gh_d8c432a3cc12","1��18��","http://mp.weixin.qq.com/s?__biz=MjM5ODE4MTUzMg==&mid=202895379&idx=1&sn=a46187dd2e3fc704b72277dbf863f356&3rd=MzA3MDU4NTYzMw==&scene=6#rd","�����ִ���ͼ����","121","3","2.48%","2015-1-28 14:17"
"3","D0101","�����¸�","����","����","��","gh_d8c432a3cc12","1��18��","http://mp.weixin.qq.com/s?__biz=MjM5ODE4MTUzMg==&mid=202895379&idx=1&sn=a46187dd2e3fc704b72277dbf863f356&3rd=MzA3MDU4NTYzMw==&scene=6#rd","�����ִ�ȫ������","129","1","0.78%","2015-1-28 14:17"
"4","D0102","����","����","����","��","gossipmaker","1��19��","http://mp.weixin.qq.com/s?__biz=MzA4MDE4OTYxNA==&mid=260312026&idx=1&sn=2e976af69957fb7886b18c2663e90e5b&3rd=MzA3MDU4NTYzMw==&scene=6#rd","�����ִ���������","556","32","5.76%","2015-1-28 14:17"
"5","D0102","����","����","����","��","gossipmaker","1��19��","http://mp.weixin.qq.com/s?__biz=MzA4MDE4OTYxNA==&mid=260312026&idx=1&sn=2e976af69957fb7886b18c2663e90e5b&3rd=MzA3MDU4NTYzMw==&scene=6#rd","�����ִ�����һ�","1200","13","1.08%","2015-1-28 14:17"
"6","D0102","����","����","����","��","gossipmaker","1��19��","http://mp.weixin.qq.com/s?__biz=MzA4MDE4OTYxNA==&mid=260312026&idx=1&sn=2e976af69957fb7886b18c2663e90e5b&3rd=MzA3MDU4NTYzMw==&scene=6#rd","�����ִ��������","5590","132","2.36%","2015-1-28 14:17"
"7","D0102","����","����","����","��","gossipmaker","1��19��","http://mp.weixin.qq.com/s?__biz=MzA4MDE4OTYxNA==&mid=260312026&idx=1&sn=2e976af69957fb7886b18c2663e90e5b&3rd=MzA3MDU4NTYzMw==&scene=6#rd","�����ִ��������","6512","31","0.48%","2015-1-28 14:17"
"8","D0102","����","����","����","��","gossipmaker","1��19��","http://mp.weixin.qq.com/s?__biz=MzA4MDE4OTYxNA==&mid=260312026&idx=1&sn=2e976af69957fb7886b18c2663e90e5b&3rd=MzA3MDU4NTYzMw==&scene=6#rd","�����ִ�ͻ��ذ�","891","24","2.69%","2015-1-28 14:17"
"1","D0101","�����¸�","����","����","��","gh_d8c432a3cc12","1��18��","http://mp.weixin.qq.com/s?__biz=MjM5ODE4MTUzMg==&mid=202895379&idx=1&sn=a46187dd2e3fc704b72277dbf863f356&3rd=MzA3MDU4NTYzMw==&scene=6#rd","�����ִ���������","555","12","2.16%","2015-1-28 14:17"
"2","D0101","�����¸�","����","����","��","gh_d8c432a3cc12","1��18��","http://mp.weixin.qq.com/s?__biz=MjM5ODE4MTUzMg==&mid=202895379&idx=1&sn=a46187dd2e3fc704b72277dbf863f356&3rd=MzA3MDU4NTYzMw==&scene=6#rd","�����ִ���ͼ����","121","3","2.48%","2015-1-28 14:17"
"3","D0101","�����¸�","����","����","��","gh_d8c432a3cc12","1��18��","http://mp.weixin.qq.com/s?__biz=MjM5ODE4MTUzMg==&mid=202895379&idx=1&sn=a46187dd2e3fc704b72277dbf863f356&3rd=MzA3MDU4NTYzMw==&scene=6#rd","�����ִ�ȫ������","129","1","0.78%","2015-1-28 14:17"
"4","D0102","����","����","����","��","gossipmaker","1��19��","http://mp.weixin.qq.com/s?__biz=MzA4MDE4OTYxNA==&mid=260312026&idx=1&sn=2e976af69957fb7886b18c2663e90e5b&3rd=MzA3MDU4NTYzMw==&scene=6#rd","�����ִ���������","556","32","5.76%","2015-1-28 14:17"
"5","D0102","����","����","����","��","gossipmaker","1��19��","http://mp.weixin.qq.com/s?__biz=MzA4MDE4OTYxNA==&mid=260312026&idx=1&sn=2e976af69957fb7886b18c2663e90e5b&3rd=MzA3MDU4NTYzMw==&scene=6#rd","�����ִ�����һ�","1200","13","1.08%","2015-1-28 14:17"
"6","D0102","����","����","����","��","gossipmaker","1��19��","http://mp.weixin.qq.com/s?__biz=MzA4MDE4OTYxNA==&mid=260312026&idx=1&sn=2e976af69957fb7886b18c2663e90e5b&3rd=MzA3MDU4NTYzMw==&scene=6#rd","�����ִ��������","5590","132","2.36%","2015-1-28 14:17"
"7","D0102","����","����","����","��","gossipmaker","1��19��","http://mp.weixin.qq.com/s?__biz=MzA4MDE4OTYxNA==&mid=260312026&idx=1&sn=2e976af69957fb7886b18c2663e90e5b&3rd=MzA3MDU4NTYzMw==&scene=6#rd","�����ִ��������","6512","31","0.48%","2015-1-28 14:17"
"8","D0102","����","����","����","��","gossipmaker","1��19��","http://mp.weixin.qq.com/s?__biz=MzA4MDE4OTYxNA==&mid=260312026&idx=1&sn=2e976af69957fb7886b18c2663e90e5b&3rd=MzA3MDU4NTYzMw==&scene=6#rd","�����ִ�ͻ��ذ�","891","24","2.69%","2015-1-28 14:17"
"1","D0101","�����¸�","����","����","��","gh_d8c432a3cc12","1��18��","http://mp.weixin.qq.com/s?__biz=MjM5ODE4MTUzMg==&mid=202895379&idx=1&sn=a46187dd2e3fc704b72277dbf863f356&3rd=MzA3MDU4NTYzMw==&scene=6#rd","�����ִ���������","555","12","2.16%","2015-1-28 14:17"
"2","D0101","�����¸�","����","����","��","gh_d8c432a3cc12","1��18��","http://mp.weixin.qq.com/s?__biz=MjM5ODE4MTUzMg==&mid=202895379&idx=1&sn=a46187dd2e3fc704b72277dbf863f356&3rd=MzA3MDU4NTYzMw==&scene=6#rd","�����ִ���ͼ����","121","3","2.48%","2015-1-28 14:17"
"3","D0101","�����¸�","����","����","��","gh_d8c432a3cc12","1��18��","http://mp.weixin.qq.com/s?__biz=MjM5ODE4MTUzMg==&mid=202895379&idx=1&sn=a46187dd2e3fc704b72277dbf863f356&3rd=MzA3MDU4NTYzMw==&scene=6#rd","�����ִ�ȫ������","129","1","0.78%","2015-1-28 14:17"
"4","D0102","����","����","����","��","gossipmaker","1��19��","http://mp.weixin.qq.com/s?__biz=MzA4MDE4OTYxNA==&mid=260312026&idx=1&sn=2e976af69957fb7886b18c2663e90e5b&3rd=MzA3MDU4NTYzMw==&scene=6#rd","�����ִ���������","556","32","5.76%","2015-1-28 14:17"
"5","D0102","����","����","����","��","gossipmaker","1��19��","http://mp.weixin.qq.com/s?__biz=MzA4MDE4OTYxNA==&mid=260312026&idx=1&sn=2e976af69957fb7886b18c2663e90e5b&3rd=MzA3MDU4NTYzMw==&scene=6#rd","�����ִ�����һ�","1200","13","1.08%","2015-1-28 14:17"
"6","D0102","����","����","����","��","gossipmaker","1��19��","http://mp.weixin.qq.com/s?__biz=MzA4MDE4OTYxNA==&mid=260312026&idx=1&sn=2e976af69957fb7886b18c2663e90e5b&3rd=MzA3MDU4NTYzMw==&scene=6#rd","�����ִ��������","5590","132","2.36%","2015-1-28 14:17"
"7","D0102","����","����","����","��","gossipmaker","1��19��","http://mp.weixin.qq.com/s?__biz=MzA4MDE4OTYxNA==&mid=260312026&idx=1&sn=2e976af69957fb7886b18c2663e90e5b&3rd=MzA3MDU4NTYzMw==&scene=6#rd","�����ִ��������","6512","31","0.48%","2015-1-28 14:17"
"8","D0102","����","����","����","��","gossipmaker","1��19��","http://mp.weixin.qq.com/s?__biz=MzA4MDE4OTYxNA==&mid=260312026&idx=1&sn=2e976af69957fb7886b18c2663e90e5b&3rd=MzA3MDU4NTYzMw==&scene=6#rd","�����ִ�ͻ��ذ�","891","24","2.69%","2015-1-28 14:17"
"1","D0101","�����¸�","����","����","��","gh_d8c432a3cc12","1��18��","http://mp.weixin.qq.com/s?__biz=MjM5ODE4MTUzMg==&mid=202895379&idx=1&sn=a46187dd2e3fc704b72277dbf863f356&3rd=MzA3MDU4NTYzMw==&scene=6#rd","�����ִ���������","555","12","2.16%","2015-1-28 14:17"
"2","D0101","�����¸�","����","����","��","gh_d8c432a3cc12","1��18��","http://mp.weixin.qq.com/s?__biz=MjM5ODE4MTUzMg==&mid=202895379&idx=1&sn=a46187dd2e3fc704b72277dbf863f356&3rd=MzA3MDU4NTYzMw==&scene=6#rd","�����ִ���ͼ����","121","3","2.48%","2015-1-28 14:17"
"3","D0101","�����¸�","����","����","��","gh_d8c432a3cc12","1��18��","http://mp.weixin.qq.com/s?__biz=MjM5ODE4MTUzMg==&mid=202895379&idx=1&sn=a46187dd2e3fc704b72277dbf863f356&3rd=MzA3MDU4NTYzMw==&scene=6#rd","�����ִ�ȫ������","129","1","0.78%","2015-1-28 14:17"
"4","D0102","����","����","����","��","gossipmaker","1��19��","http://mp.weixin.qq.com/s?__biz=MzA4MDE4OTYxNA==&mid=260312026&idx=1&sn=2e976af69957fb7886b18c2663e90e5b&3rd=MzA3MDU4NTYzMw==&scene=6#rd","�����ִ���������","556","32","5.76%","2015-1-28 14:17"
"5","D0102","����","����","����","��","gossipmaker","1��19��","http://mp.weixin.qq.com/s?__biz=MzA4MDE4OTYxNA==&mid=260312026&idx=1&sn=2e976af69957fb7886b18c2663e90e5b&3rd=MzA3MDU4NTYzMw==&scene=6#rd","�����ִ�����һ�","1200","13","1.08%","2015-1-28 14:17"
"6","D0102","����","����","����","��","gossipmaker","1��19��","http://mp.weixin.qq.com/s?__biz=MzA4MDE4OTYxNA==&mid=260312026&idx=1&sn=2e976af69957fb7886b18c2663e90e5b&3rd=MzA3MDU4NTYzMw==&scene=6#rd","�����ִ��������","5590","132","2.36%","2015-1-28 14:17"
"7","D0102","����","����","����","��","gossipmaker","1��19��","http://mp.weixin.qq.com/s?__biz=MzA4MDE4OTYxNA==&mid=260312026&idx=1&sn=2e976af69957fb7886b18c2663e90e5b&3rd=MzA3MDU4NTYzMw==&scene=6#rd","�����ִ��������","6512","31","0.48%","2015-1-28 14:17"
"8","D0102","����","����","����","��","gossipmaker","1��19��","http://mp.weixin.qq.com/s?__biz=MzA4MDE4OTYxNA==&mid=260312026&idx=1&sn=2e976af69957fb7886b18c2663e90e5b&3rd=MzA3MDU4NTYzMw==&scene=6#rd","�����ִ�ͻ��ذ�","891","24","2.69%","2015-1-28 14:17"
"1","D0101","�����¸�","����","����","��","gh_d8c432a3cc12","1��18��","http://mp.weixin.qq.com/s?__biz=MjM5ODE4MTUzMg==&mid=202895379&idx=1&sn=a46187dd2e3fc704b72277dbf863f356&3rd=MzA3MDU4NTYzMw==&scene=6#rd","�����ִ���������","555","12","2.16%","2015-1-28 14:17"
"2","D0101","�����¸�","����","����","��","gh_d8c432a3cc12","1��18��","http://mp.weixin.qq.com/s?__biz=MjM5ODE4MTUzMg==&mid=202895379&idx=1&sn=a46187dd2e3fc704b72277dbf863f356&3rd=MzA3MDU4NTYzMw==&scene=6#rd","�����ִ���ͼ����","121","3","2.48%","2015-1-28 14:17"
"3","D0101","�����¸�","����","����","��","gh_d8c432a3cc12","1��18��","http://mp.weixin.qq.com/s?__biz=MjM5ODE4MTUzMg==&mid=202895379&idx=1&sn=a46187dd2e3fc704b72277dbf863f356&3rd=MzA3MDU4NTYzMw==&scene=6#rd","�����ִ�ȫ������","129","1","0.78%","2015-1-28 14:17"
"4","D0102","����","����","����","��","gossipmaker","1��19��","http://mp.weixin.qq.com/s?__biz=MzA4MDE4OTYxNA==&mid=260312026&idx=1&sn=2e976af69957fb7886b18c2663e90e5b&3rd=MzA3MDU4NTYzMw==&scene=6#rd","�����ִ���������","556","32","5.76%","2015-1-28 14:17"
"5","D0102","����","����","����","��","gossipmaker","1��19��","http://mp.weixin.qq.com/s?__biz=MzA4MDE4OTYxNA==&mid=260312026&idx=1&sn=2e976af69957fb7886b18c2663e90e5b&3rd=MzA3MDU4NTYzMw==&scene=6#rd","�����ִ�����һ�","1200","13","1.08%","2015-1-28 14:17"
"6","D0102","����","����","����","��","gossipmaker","1��19��","http://mp.weixin.qq.com/s?__biz=MzA4MDE4OTYxNA==&mid=260312026&idx=1&sn=2e976af69957fb7886b18c2663e90e5b&3rd=MzA3MDU4NTYzMw==&scene=6#rd","�����ִ��������","5590","132","2.36%","2015-1-28 14:17"
"7","D0102","����","����","����","��","gossipmaker","1��19��","http://mp.weixin.qq.com/s?__biz=MzA4MDE4OTYxNA==&mid=260312026&idx=1&sn=2e976af69957fb7886b18c2663e90e5b&3rd=MzA3MDU4NTYzMw==&scene=6#rd","�����ִ��������","6512","31","0.48%","2015-1-28 14:17"
"8","D0102","����","����","����","��","gossipmaker","1��19��","http://mp.weixin.qq.com/s?__biz=MzA4MDE4OTYxNA==&mid=260312026&idx=1&sn=2e976af69957fb7886b18c2663e90e5b&3rd=MzA3MDU4NTYzMw==&scene=6#rd","�����ִ�ͻ��ذ�","891","24","2.69%","2015-1-28 14:17"
