"1","gh_d8c432a3cc12","oIWsFtwbY2FBzmziwjDxei2vc_1Q"
"1","gh_d8c432a3cc12","oIWsFtwbY2FBzmziwjDxei2vc_1Q"
"2","gh_d8c432a3cc12","oIWsFtwbY2FBzmziwjDxei2vc_1Q"
"1","gh_d8c432a3cc12","oIWsFtwbY2FBzmziwjDxei2vc_1Q"
"2","gh_d8c432a3cc12","oIWsFtwbY2FBzmziwjDxei2vc_1Q"
"3","gh_d8c432a3cc12","oIWsFtwbY2FBzmziwjDxei2vc_1Q"
"1","gh_d8c432a3cc12","oIWsFtwbY2FBzmziwjDxei2vc_1Q"
"2","gh_d8c432a3cc12","oIWsFtwbY2FBzmziwjDxei2vc_1Q"
"3","gh_d8c432a3cc12","oIWsFtwbY2FBzmziwjDxei2vc_1Q"
"4","gossipmaker","oIWsFty5KwGQRvOoAAdWPbsx_5G0"
"1","gh_d8c432a3cc12","oIWsFtwbY2FBzmziwjDxei2vc_1Q"
"2","gh_d8c432a3cc12","oIWsFtwbY2FBzmziwjDxei2vc_1Q"
"3","gh_d8c432a3cc12","oIWsFtwbY2FBzmziwjDxei2vc_1Q"
"4","gossipmaker","oIWsFty5KwGQRvOoAAdWPbsx_5G0"
"5","gossipmaker","oIWsFty5KwGQRvOoAAdWPbsx_5G0"
"1","gh_d8c432a3cc12","oIWsFtwbY2FBzmziwjDxei2vc_1Q"
"2","gh_d8c432a3cc12","oIWsFtwbY2FBzmziwjDxei2vc_1Q"
"3","gh_d8c432a3cc12","oIWsFtwbY2FBzmziwjDxei2vc_1Q"
"4","gossipmaker","oIWsFty5KwGQRvOoAAdWPbsx_5G0"
"5","gossipmaker","oIWsFty5KwGQRvOoAAdWPbsx_5G0"
"6","gossipmaker","oIWsFty5KwGQRvOoAAdWPbsx_5G0"
"1","gh_d8c432a3cc12","oIWsFtwbY2FBzmziwjDxei2vc_1Q"
"2","gh_d8c432a3cc12","oIWsFtwbY2FBzmziwjDxei2vc_1Q"
"3","gh_d8c432a3cc12","oIWsFtwbY2FBzmziwjDxei2vc_1Q"
"4","gossipmaker","oIWsFty5KwGQRvOoAAdWPbsx_5G0"
"5","gossipmaker","oIWsFty5KwGQRvOoAAdWPbsx_5G0"
"6","gossipmaker","oIWsFty5KwGQRvOoAAdWPbsx_5G0"
"7","gossipmaker","oIWsFty5KwGQRvOoAAdWPbsx_5G0"
"1","gh_d8c432a3cc12","oIWsFtwbY2FBzmziwjDxei2vc_1Q"
"2","gh_d8c432a3cc12","oIWsFtwbY2FBzmziwjDxei2vc_1Q"
"3","gh_d8c432a3cc12","oIWsFtwbY2FBzmziwjDxei2vc_1Q"
"4","gossipmaker","oIWsFty5KwGQRvOoAAdWPbsx_5G0"
"5","gossipmaker","oIWsFty5KwGQRvOoAAdWPbsx_5G0"
"6","gossipmaker","oIWsFty5KwGQRvOoAAdWPbsx_5G0"
"7","gossipmaker","oIWsFty5KwGQRvOoAAdWPbsx_5G0"
"8","gossipmaker","oIWsFty5KwGQRvOoAAdWPbsx_5G0"
