"1","gh_d8c432a3cc12","oIWsFtwbY2FBzmziwjDxei2vc_1Q","�����ִ���������","http://mp.weixin.qq.com/s?__biz=MjM5ODE4MTUzMg==&mid=202895379&idx=1&sn=a46187dd2e3fc704b72277dbf863f356&3rd=MzA3MDU4NTYzMw==&scene=6#rd"
"1","gh_d8c432a3cc12","oIWsFtwbY2FBzmziwjDxei2vc_1Q","�����ִ���������","http://mp.weixin.qq.com/s?__biz=MjM5ODE4MTUzMg==&mid=202895379&idx=1&sn=a46187dd2e3fc704b72277dbf863f356&3rd=MzA3MDU4NTYzMw==&scene=6#rd"
"2","gh_d8c432a3cc12","oIWsFtwbY2FBzmziwjDxei2vc_1Q","�����ִ���ͼ����","http://mp.weixin.qq.com/s?__biz=MjM5ODE4MTUzMg==&mid=202895379&idx=1&sn=a46187dd2e3fc704b72277dbf863f356&3rd=MzA3MDU4NTYzMw==&scene=6#rd"
"1","gh_d8c432a3cc12","oIWsFtwbY2FBzmziwjDxei2vc_1Q","�����ִ���������","http://mp.weixin.qq.com/s?__biz=MjM5ODE4MTUzMg==&mid=202895379&idx=1&sn=a46187dd2e3fc704b72277dbf863f356&3rd=MzA3MDU4NTYzMw==&scene=6#rd"
"2","gh_d8c432a3cc12","oIWsFtwbY2FBzmziwjDxei2vc_1Q","�����ִ���ͼ����","http://mp.weixin.qq.com/s?__biz=MjM5ODE4MTUzMg==&mid=202895379&idx=1&sn=a46187dd2e3fc704b72277dbf863f356&3rd=MzA3MDU4NTYzMw==&scene=6#rd"
"3","gh_d8c432a3cc12","oIWsFtwbY2FBzmziwjDxei2vc_1Q","�����ִ�ȫ������","http://mp.weixin.qq.com/s?__biz=MjM5ODE4MTUzMg==&mid=202895379&idx=1&sn=a46187dd2e3fc704b72277dbf863f356&3rd=MzA3MDU4NTYzMw==&scene=6#rd"
"1","gh_d8c432a3cc12","oIWsFtwbY2FBzmziwjDxei2vc_1Q","�����ִ���������","http://mp.weixin.qq.com/s?__biz=MjM5ODE4MTUzMg==&mid=202895379&idx=1&sn=a46187dd2e3fc704b72277dbf863f356&3rd=MzA3MDU4NTYzMw==&scene=6#rd"
"2","gh_d8c432a3cc12","oIWsFtwbY2FBzmziwjDxei2vc_1Q","�����ִ���ͼ����","http://mp.weixin.qq.com/s?__biz=MjM5ODE4MTUzMg==&mid=202895379&idx=1&sn=a46187dd2e3fc704b72277dbf863f356&3rd=MzA3MDU4NTYzMw==&scene=6#rd"
"3","gh_d8c432a3cc12","oIWsFtwbY2FBzmziwjDxei2vc_1Q","�����ִ�ȫ������","http://mp.weixin.qq.com/s?__biz=MjM5ODE4MTUzMg==&mid=202895379&idx=1&sn=a46187dd2e3fc704b72277dbf863f356&3rd=MzA3MDU4NTYzMw==&scene=6#rd"
"4","gossipmaker","oIWsFty5KwGQRvOoAAdWPbsx_5G0","�����ִ���������","http://mp.weixin.qq.com/s?__biz=MzA4MDE4OTYxNA==&mid=260312026&idx=1&sn=2e976af69957fb7886b18c2663e90e5b&3rd=MzA3MDU4NTYzMw==&scene=6#rd"
"1","gh_d8c432a3cc12","oIWsFtwbY2FBzmziwjDxei2vc_1Q","�����ִ���������","http://mp.weixin.qq.com/s?__biz=MjM5ODE4MTUzMg==&mid=202895379&idx=1&sn=a46187dd2e3fc704b72277dbf863f356&3rd=MzA3MDU4NTYzMw==&scene=6#rd"
"2","gh_d8c432a3cc12","oIWsFtwbY2FBzmziwjDxei2vc_1Q","�����ִ���ͼ����","http://mp.weixin.qq.com/s?__biz=MjM5ODE4MTUzMg==&mid=202895379&idx=1&sn=a46187dd2e3fc704b72277dbf863f356&3rd=MzA3MDU4NTYzMw==&scene=6#rd"
"3","gh_d8c432a3cc12","oIWsFtwbY2FBzmziwjDxei2vc_1Q","�����ִ�ȫ������","http://mp.weixin.qq.com/s?__biz=MjM5ODE4MTUzMg==&mid=202895379&idx=1&sn=a46187dd2e3fc704b72277dbf863f356&3rd=MzA3MDU4NTYzMw==&scene=6#rd"
"4","gossipmaker","oIWsFty5KwGQRvOoAAdWPbsx_5G0","�����ִ���������","http://mp.weixin.qq.com/s?__biz=MzA4MDE4OTYxNA==&mid=260312026&idx=1&sn=2e976af69957fb7886b18c2663e90e5b&3rd=MzA3MDU4NTYzMw==&scene=6#rd"
"5","gossipmaker","oIWsFty5KwGQRvOoAAdWPbsx_5G0","�����ִ�����һ�","http://mp.weixin.qq.com/s?__biz=MzA4MDE4OTYxNA==&mid=260312026&idx=1&sn=2e976af69957fb7886b18c2663e90e5b&3rd=MzA3MDU4NTYzMw==&scene=6#rd"
"1","gh_d8c432a3cc12","oIWsFtwbY2FBzmziwjDxei2vc_1Q","�����ִ���������","http://mp.weixin.qq.com/s?__biz=MjM5ODE4MTUzMg==&mid=202895379&idx=1&sn=a46187dd2e3fc704b72277dbf863f356&3rd=MzA3MDU4NTYzMw==&scene=6#rd"
"2","gh_d8c432a3cc12","oIWsFtwbY2FBzmziwjDxei2vc_1Q","�����ִ���ͼ����","http://mp.weixin.qq.com/s?__biz=MjM5ODE4MTUzMg==&mid=202895379&idx=1&sn=a46187dd2e3fc704b72277dbf863f356&3rd=MzA3MDU4NTYzMw==&scene=6#rd"
"3","gh_d8c432a3cc12","oIWsFtwbY2FBzmziwjDxei2vc_1Q","�����ִ�ȫ������","http://mp.weixin.qq.com/s?__biz=MjM5ODE4MTUzMg==&mid=202895379&idx=1&sn=a46187dd2e3fc704b72277dbf863f356&3rd=MzA3MDU4NTYzMw==&scene=6#rd"
"4","gossipmaker","oIWsFty5KwGQRvOoAAdWPbsx_5G0","�����ִ���������","http://mp.weixin.qq.com/s?__biz=MzA4MDE4OTYxNA==&mid=260312026&idx=1&sn=2e976af69957fb7886b18c2663e90e5b&3rd=MzA3MDU4NTYzMw==&scene=6#rd"
"5","gossipmaker","oIWsFty5KwGQRvOoAAdWPbsx_5G0","�����ִ�����һ�","http://mp.weixin.qq.com/s?__biz=MzA4MDE4OTYxNA==&mid=260312026&idx=1&sn=2e976af69957fb7886b18c2663e90e5b&3rd=MzA3MDU4NTYzMw==&scene=6#rd"
"6","gossipmaker","oIWsFty5KwGQRvOoAAdWPbsx_5G0","�����ִ��������","http://mp.weixin.qq.com/s?__biz=MzA4MDE4OTYxNA==&mid=260312026&idx=1&sn=2e976af69957fb7886b18c2663e90e5b&3rd=MzA3MDU4NTYzMw==&scene=6#rd"
"1","gh_d8c432a3cc12","oIWsFtwbY2FBzmziwjDxei2vc_1Q","�����ִ���������","http://mp.weixin.qq.com/s?__biz=MjM5ODE4MTUzMg==&mid=202895379&idx=1&sn=a46187dd2e3fc704b72277dbf863f356&3rd=MzA3MDU4NTYzMw==&scene=6#rd"
"2","gh_d8c432a3cc12","oIWsFtwbY2FBzmziwjDxei2vc_1Q","�����ִ���ͼ����","http://mp.weixin.qq.com/s?__biz=MjM5ODE4MTUzMg==&mid=202895379&idx=1&sn=a46187dd2e3fc704b72277dbf863f356&3rd=MzA3MDU4NTYzMw==&scene=6#rd"
"3","gh_d8c432a3cc12","oIWsFtwbY2FBzmziwjDxei2vc_1Q","�����ִ�ȫ������","http://mp.weixin.qq.com/s?__biz=MjM5ODE4MTUzMg==&mid=202895379&idx=1&sn=a46187dd2e3fc704b72277dbf863f356&3rd=MzA3MDU4NTYzMw==&scene=6#rd"
"4","gossipmaker","oIWsFty5KwGQRvOoAAdWPbsx_5G0","�����ִ���������","http://mp.weixin.qq.com/s?__biz=MzA4MDE4OTYxNA==&mid=260312026&idx=1&sn=2e976af69957fb7886b18c2663e90e5b&3rd=MzA3MDU4NTYzMw==&scene=6#rd"
"5","gossipmaker","oIWsFty5KwGQRvOoAAdWPbsx_5G0","�����ִ�����һ�","http://mp.weixin.qq.com/s?__biz=MzA4MDE4OTYxNA==&mid=260312026&idx=1&sn=2e976af69957fb7886b18c2663e90e5b&3rd=MzA3MDU4NTYzMw==&scene=6#rd"
"6","gossipmaker","oIWsFty5KwGQRvOoAAdWPbsx_5G0","�����ִ��������","http://mp.weixin.qq.com/s?__biz=MzA4MDE4OTYxNA==&mid=260312026&idx=1&sn=2e976af69957fb7886b18c2663e90e5b&3rd=MzA3MDU4NTYzMw==&scene=6#rd"
"7","gossipmaker","oIWsFty5KwGQRvOoAAdWPbsx_5G0","�����ִ��������","http://mp.weixin.qq.com/s?__biz=MzA4MDE4OTYxNA==&mid=260312026&idx=1&sn=2e976af69957fb7886b18c2663e90e5b&3rd=MzA3MDU4NTYzMw==&scene=6#rd"
"1","gh_d8c432a3cc12","oIWsFtwbY2FBzmziwjDxei2vc_1Q","�����ִ���������","http://mp.weixin.qq.com/s?__biz=MjM5ODE4MTUzMg==&mid=202895379&idx=1&sn=a46187dd2e3fc704b72277dbf863f356&3rd=MzA3MDU4NTYzMw==&scene=6#rd"
"2","gh_d8c432a3cc12","oIWsFtwbY2FBzmziwjDxei2vc_1Q","�����ִ���ͼ����","http://mp.weixin.qq.com/s?__biz=MjM5ODE4MTUzMg==&mid=202895379&idx=1&sn=a46187dd2e3fc704b72277dbf863f356&3rd=MzA3MDU4NTYzMw==&scene=6#rd"
"3","gh_d8c432a3cc12","oIWsFtwbY2FBzmziwjDxei2vc_1Q","�����ִ�ȫ������","http://mp.weixin.qq.com/s?__biz=MjM5ODE4MTUzMg==&mid=202895379&idx=1&sn=a46187dd2e3fc704b72277dbf863f356&3rd=MzA3MDU4NTYzMw==&scene=6#rd"
"4","gossipmaker","oIWsFty5KwGQRvOoAAdWPbsx_5G0","�����ִ���������","http://mp.weixin.qq.com/s?__biz=MzA4MDE4OTYxNA==&mid=260312026&idx=1&sn=2e976af69957fb7886b18c2663e90e5b&3rd=MzA3MDU4NTYzMw==&scene=6#rd"
"5","gossipmaker","oIWsFty5KwGQRvOoAAdWPbsx_5G0","�����ִ�����һ�","http://mp.weixin.qq.com/s?__biz=MzA4MDE4OTYxNA==&mid=260312026&idx=1&sn=2e976af69957fb7886b18c2663e90e5b&3rd=MzA3MDU4NTYzMw==&scene=6#rd"
"6","gossipmaker","oIWsFty5KwGQRvOoAAdWPbsx_5G0","�����ִ��������","http://mp.weixin.qq.com/s?__biz=MzA4MDE4OTYxNA==&mid=260312026&idx=1&sn=2e976af69957fb7886b18c2663e90e5b&3rd=MzA3MDU4NTYzMw==&scene=6#rd"
"7","gossipmaker","oIWsFty5KwGQRvOoAAdWPbsx_5G0","�����ִ��������","http://mp.weixin.qq.com/s?__biz=MzA4MDE4OTYxNA==&mid=260312026&idx=1&sn=2e976af69957fb7886b18c2663e90e5b&3rd=MzA3MDU4NTYzMw==&scene=6#rd"
"8","gossipmaker","oIWsFty5KwGQRvOoAAdWPbsx_5G0","�����ִ�ͻ��ذ�","http://mp.weixin.qq.com/s?__biz=MzA4MDE4OTYxNA==&mid=260312026&idx=1&sn=2e976af69957fb7886b18c2663e90e5b&3rd=MzA3MDU4NTYzMw==&scene=6#rd"
"1","gh_d8c432a3cc12","oIWsFtwbY2FBzmziwjDxei2vc_1Q","�����ִ���������","http://mp.weixin.qq.com/s?__biz=MjM5ODE4MTUzMg==&mid=202895379&idx=1&sn=a46187dd2e3fc704b72277dbf863f356&3rd=MzA3MDU4NTYzMw==&scene=6#rd"
"1","gh_d8c432a3cc12","oIWsFtwbY2FBzmziwjDxei2vc_1Q","�����ִ���������","http://mp.weixin.qq.com/s?__biz=MjM5ODE4MTUzMg==&mid=202895379&idx=1&sn=a46187dd2e3fc704b72277dbf863f356&3rd=MzA3MDU4NTYzMw==&scene=6#rd"
"2","gh_d8c432a3cc12","oIWsFtwbY2FBzmziwjDxei2vc_1Q","�����ִ���ͼ����","http://mp.weixin.qq.com/s?__biz=MjM5ODE4MTUzMg==&mid=202895379&idx=1&sn=a46187dd2e3fc704b72277dbf863f356&3rd=MzA3MDU4NTYzMw==&scene=6#rd"
"1","gh_d8c432a3cc12","oIWsFtwbY2FBzmziwjDxei2vc_1Q","�����ִ���������","http://mp.weixin.qq.com/s?__biz=MjM5ODE4MTUzMg==&mid=202895379&idx=1&sn=a46187dd2e3fc704b72277dbf863f356&3rd=MzA3MDU4NTYzMw==&scene=6#rd"
"2","gh_d8c432a3cc12","oIWsFtwbY2FBzmziwjDxei2vc_1Q","�����ִ���ͼ����","http://mp.weixin.qq.com/s?__biz=MjM5ODE4MTUzMg==&mid=202895379&idx=1&sn=a46187dd2e3fc704b72277dbf863f356&3rd=MzA3MDU4NTYzMw==&scene=6#rd"
"3","gh_d8c432a3cc12","oIWsFtwbY2FBzmziwjDxei2vc_1Q","�����ִ�ȫ������","http://mp.weixin.qq.com/s?__biz=MjM5ODE4MTUzMg==&mid=202895379&idx=1&sn=a46187dd2e3fc704b72277dbf863f356&3rd=MzA3MDU4NTYzMw==&scene=6#rd"
"1","gh_d8c432a3cc12","oIWsFtwbY2FBzmziwjDxei2vc_1Q","�����ִ���������","http://mp.weixin.qq.com/s?__biz=MjM5ODE4MTUzMg==&mid=202895379&idx=1&sn=a46187dd2e3fc704b72277dbf863f356&3rd=MzA3MDU4NTYzMw==&scene=6#rd"
"2","gh_d8c432a3cc12","oIWsFtwbY2FBzmziwjDxei2vc_1Q","�����ִ���ͼ����","http://mp.weixin.qq.com/s?__biz=MjM5ODE4MTUzMg==&mid=202895379&idx=1&sn=a46187dd2e3fc704b72277dbf863f356&3rd=MzA3MDU4NTYzMw==&scene=6#rd"
"3","gh_d8c432a3cc12","oIWsFtwbY2FBzmziwjDxei2vc_1Q","�����ִ�ȫ������","http://mp.weixin.qq.com/s?__biz=MjM5ODE4MTUzMg==&mid=202895379&idx=1&sn=a46187dd2e3fc704b72277dbf863f356&3rd=MzA3MDU4NTYzMw==&scene=6#rd"
"4","gossipmaker","oIWsFty5KwGQRvOoAAdWPbsx_5G0","�����ִ���������","http://mp.weixin.qq.com/s?__biz=MzA4MDE4OTYxNA==&mid=260312026&idx=1&sn=2e976af69957fb7886b18c2663e90e5b&3rd=MzA3MDU4NTYzMw==&scene=6#rd"
"1","gh_d8c432a3cc12","oIWsFtwbY2FBzmziwjDxei2vc_1Q","�����ִ���������","http://mp.weixin.qq.com/s?__biz=MjM5ODE4MTUzMg==&mid=202895379&idx=1&sn=a46187dd2e3fc704b72277dbf863f356&3rd=MzA3MDU4NTYzMw==&scene=6#rd"
"2","gh_d8c432a3cc12","oIWsFtwbY2FBzmziwjDxei2vc_1Q","�����ִ���ͼ����","http://mp.weixin.qq.com/s?__biz=MjM5ODE4MTUzMg==&mid=202895379&idx=1&sn=a46187dd2e3fc704b72277dbf863f356&3rd=MzA3MDU4NTYzMw==&scene=6#rd"
"3","gh_d8c432a3cc12","oIWsFtwbY2FBzmziwjDxei2vc_1Q","�����ִ�ȫ������","http://mp.weixin.qq.com/s?__biz=MjM5ODE4MTUzMg==&mid=202895379&idx=1&sn=a46187dd2e3fc704b72277dbf863f356&3rd=MzA3MDU4NTYzMw==&scene=6#rd"
"4","gossipmaker","oIWsFty5KwGQRvOoAAdWPbsx_5G0","�����ִ���������","http://mp.weixin.qq.com/s?__biz=MzA4MDE4OTYxNA==&mid=260312026&idx=1&sn=2e976af69957fb7886b18c2663e90e5b&3rd=MzA3MDU4NTYzMw==&scene=6#rd"
"5","gossipmaker","oIWsFty5KwGQRvOoAAdWPbsx_5G0","�����ִ�����һ�","http://mp.weixin.qq.com/s?__biz=MzA4MDE4OTYxNA==&mid=260312026&idx=1&sn=2e976af69957fb7886b18c2663e90e5b&3rd=MzA3MDU4NTYzMw==&scene=6#rd"
"1","gh_d8c432a3cc12","oIWsFtwbY2FBzmziwjDxei2vc_1Q","�����ִ���������","http://mp.weixin.qq.com/s?__biz=MjM5ODE4MTUzMg==&mid=202895379&idx=1&sn=a46187dd2e3fc704b72277dbf863f356&3rd=MzA3MDU4NTYzMw==&scene=6#rd"
"2","gh_d8c432a3cc12","oIWsFtwbY2FBzmziwjDxei2vc_1Q","�����ִ���ͼ����","http://mp.weixin.qq.com/s?__biz=MjM5ODE4MTUzMg==&mid=202895379&idx=1&sn=a46187dd2e3fc704b72277dbf863f356&3rd=MzA3MDU4NTYzMw==&scene=6#rd"
"3","gh_d8c432a3cc12","oIWsFtwbY2FBzmziwjDxei2vc_1Q","�����ִ�ȫ������","http://mp.weixin.qq.com/s?__biz=MjM5ODE4MTUzMg==&mid=202895379&idx=1&sn=a46187dd2e3fc704b72277dbf863f356&3rd=MzA3MDU4NTYzMw==&scene=6#rd"
"4","gossipmaker","oIWsFty5KwGQRvOoAAdWPbsx_5G0","�����ִ���������","http://mp.weixin.qq.com/s?__biz=MzA4MDE4OTYxNA==&mid=260312026&idx=1&sn=2e976af69957fb7886b18c2663e90e5b&3rd=MzA3MDU4NTYzMw==&scene=6#rd"
"5","gossipmaker","oIWsFty5KwGQRvOoAAdWPbsx_5G0","�����ִ�����һ�","http://mp.weixin.qq.com/s?__biz=MzA4MDE4OTYxNA==&mid=260312026&idx=1&sn=2e976af69957fb7886b18c2663e90e5b&3rd=MzA3MDU4NTYzMw==&scene=6#rd"
"6","gossipmaker","oIWsFty5KwGQRvOoAAdWPbsx_5G0","�����ִ��������","http://mp.weixin.qq.com/s?__biz=MzA4MDE4OTYxNA==&mid=260312026&idx=1&sn=2e976af69957fb7886b18c2663e90e5b&3rd=MzA3MDU4NTYzMw==&scene=6#rd"
"1","gh_d8c432a3cc12","oIWsFtwbY2FBzmziwjDxei2vc_1Q","�����ִ���������","http://mp.weixin.qq.com/s?__biz=MjM5ODE4MTUzMg==&mid=202895379&idx=1&sn=a46187dd2e3fc704b72277dbf863f356&3rd=MzA3MDU4NTYzMw==&scene=6#rd"
"2","gh_d8c432a3cc12","oIWsFtwbY2FBzmziwjDxei2vc_1Q","�����ִ���ͼ����","http://mp.weixin.qq.com/s?__biz=MjM5ODE4MTUzMg==&mid=202895379&idx=1&sn=a46187dd2e3fc704b72277dbf863f356&3rd=MzA3MDU4NTYzMw==&scene=6#rd"
"3","gh_d8c432a3cc12","oIWsFtwbY2FBzmziwjDxei2vc_1Q","�����ִ�ȫ������","http://mp.weixin.qq.com/s?__biz=MjM5ODE4MTUzMg==&mid=202895379&idx=1&sn=a46187dd2e3fc704b72277dbf863f356&3rd=MzA3MDU4NTYzMw==&scene=6#rd"
"4","gossipmaker","oIWsFty5KwGQRvOoAAdWPbsx_5G0","�����ִ���������","http://mp.weixin.qq.com/s?__biz=MzA4MDE4OTYxNA==&mid=260312026&idx=1&sn=2e976af69957fb7886b18c2663e90e5b&3rd=MzA3MDU4NTYzMw==&scene=6#rd"
"5","gossipmaker","oIWsFty5KwGQRvOoAAdWPbsx_5G0","�����ִ�����һ�","http://mp.weixin.qq.com/s?__biz=MzA4MDE4OTYxNA==&mid=260312026&idx=1&sn=2e976af69957fb7886b18c2663e90e5b&3rd=MzA3MDU4NTYzMw==&scene=6#rd"
"6","gossipmaker","oIWsFty5KwGQRvOoAAdWPbsx_5G0","�����ִ��������","http://mp.weixin.qq.com/s?__biz=MzA4MDE4OTYxNA==&mid=260312026&idx=1&sn=2e976af69957fb7886b18c2663e90e5b&3rd=MzA3MDU4NTYzMw==&scene=6#rd"
"7","gossipmaker","oIWsFty5KwGQRvOoAAdWPbsx_5G0","�����ִ��������","http://mp.weixin.qq.com/s?__biz=MzA4MDE4OTYxNA==&mid=260312026&idx=1&sn=2e976af69957fb7886b18c2663e90e5b&3rd=MzA3MDU4NTYzMw==&scene=6#rd"
"1","gh_d8c432a3cc12","oIWsFtwbY2FBzmziwjDxei2vc_1Q","�����ִ���������","http://mp.weixin.qq.com/s?__biz=MjM5ODE4MTUzMg==&mid=202895379&idx=1&sn=a46187dd2e3fc704b72277dbf863f356&3rd=MzA3MDU4NTYzMw==&scene=6#rd"
"2","gh_d8c432a3cc12","oIWsFtwbY2FBzmziwjDxei2vc_1Q","�����ִ���ͼ����","http://mp.weixin.qq.com/s?__biz=MjM5ODE4MTUzMg==&mid=202895379&idx=1&sn=a46187dd2e3fc704b72277dbf863f356&3rd=MzA3MDU4NTYzMw==&scene=6#rd"
"3","gh_d8c432a3cc12","oIWsFtwbY2FBzmziwjDxei2vc_1Q","�����ִ�ȫ������","http://mp.weixin.qq.com/s?__biz=MjM5ODE4MTUzMg==&mid=202895379&idx=1&sn=a46187dd2e3fc704b72277dbf863f356&3rd=MzA3MDU4NTYzMw==&scene=6#rd"
"4","gossipmaker","oIWsFty5KwGQRvOoAAdWPbsx_5G0","�����ִ���������","http://mp.weixin.qq.com/s?__biz=MzA4MDE4OTYxNA==&mid=260312026&idx=1&sn=2e976af69957fb7886b18c2663e90e5b&3rd=MzA3MDU4NTYzMw==&scene=6#rd"
"5","gossipmaker","oIWsFty5KwGQRvOoAAdWPbsx_5G0","�����ִ�����һ�","http://mp.weixin.qq.com/s?__biz=MzA4MDE4OTYxNA==&mid=260312026&idx=1&sn=2e976af69957fb7886b18c2663e90e5b&3rd=MzA3MDU4NTYzMw==&scene=6#rd"
"6","gossipmaker","oIWsFty5KwGQRvOoAAdWPbsx_5G0","�����ִ��������","http://mp.weixin.qq.com/s?__biz=MzA4MDE4OTYxNA==&mid=260312026&idx=1&sn=2e976af69957fb7886b18c2663e90e5b&3rd=MzA3MDU4NTYzMw==&scene=6#rd"
"7","gossipmaker","oIWsFty5KwGQRvOoAAdWPbsx_5G0","�����ִ��������","http://mp.weixin.qq.com/s?__biz=MzA4MDE4OTYxNA==&mid=260312026&idx=1&sn=2e976af69957fb7886b18c2663e90e5b&3rd=MzA3MDU4NTYzMw==&scene=6#rd"
"8","gossipmaker","oIWsFty5KwGQRvOoAAdWPbsx_5G0","�����ִ�ͻ��ذ�","http://mp.weixin.qq.com/s?__biz=MzA4MDE4OTYxNA==&mid=260312026&idx=1&sn=2e976af69957fb7886b18c2663e90e5b&3rd=MzA3MDU4NTYzMw==&scene=6#rd"
